u_0,u_1,u_2,u_3,u_4,u_5
0.0,-0.5899135845738813,-0.32743027920596623,-0.2645164257281108,-0.06465512058303592,0.0
0.0,-0.586902113400543,0.035603637770199134,-1.7919490356891148,-0.29593173442980913,0.0
0.0,0.056857007532296396,0.0014362195130653288,0.9459237954027923,0.5280323641402624,0.0
0.0,0.607401410970005,1.0078398358304477,1.5109684286394218,0.08888997677971378,0.0
0.0,-0.015549198642890252,-1.4308874923633519,-1.1061205620276997,1.899412207887952,0.0
0.0,0.1921230059473356,1.0547875063897239,0.9322926487202162,0.1383613944338868,0.0
0.0,0.1680380790607463,-1.048858407271721,1.0754883241873299,-0.2907402678967145,0.0
0.0,0.010871508895009548,-0.9497307783130224,-0.9265501628915753,0.08805903233029455,0.0
0.0,-1.30035125056637,0.4042298510653788,-0.3920338609797643,1.1833608103360576,0.0
0.0,0.5544545087374434,2.3752079471614307,0.4327035622432898,1.0706654810097216,0.0
0.0,0.3197534968966311,-0.28759248532561504,0.32237641583413207,1.445836600965789,0.0
0.0,2.4744677885895343,0.4648385419894243,-1.830770005713541,0.20347539792145425,0.0
0.0,0.191053751933404,0.28549097192655964,-1.5749586638202173,0.167371080582701,0.0
0.0,-0.8670161148607731,-0.6505215722706436,0.4212911978081032,0.6151565651527328,0.0
0.0,0.5534212479061134,0.5843894053680504,0.4824923936087668,0.4502040996475879,0.0
0.0,-1.3228223440302505,-0.31323450046743756,0.5403049941605147,-1.627460916678626,0.0
0.0,0.7280604222960723,-1.1922502369823704,-0.6528255345436451,-1.6120674006601645,0.0
0.0,1.71972479239527,-0.060348102949138255,-1.1264895451902297,-0.5035501719007576,0.0
0.0,-0.2685315166415745,-1.9532983394496852,-0.03464275335316157,-0.817713894189201,0.0
0.0,0.8917008469707164,-0.6190661108215543,2.3879308443428138,0.5146771114631559,0.0
0.0,-0.3681322647459156,-2.0071353868317803,-0.25804571499726575,0.5791423350317945,0.0
0.0,-0.0854037384627948,0.04182325268578996,2.2620449152520945,0.5535794152123085,0.0
0.0,-0.6057156622325035,0.11238445494088348,-1.7445107002023037,-0.9714538727685222,0.0
0.0,0.7902082538690369,-0.4695728297287495,-1.3131282849392498,-0.3580295981554609,0.0
0.0,0.06946751524651731,0.20504420266161996,-0.34996147316704523,0.5560647549166733,0.0
0.0,0.927039558808746,0.6036881575739248,-0.7606052695257997,0.7322698095457771,0.0
0.0,-1.3360320924071922,0.1626354547791278,0.9919164877641368,-0.09052969835933171,0.0
0.0,-0.11279467623640363,-2.4188114830229925,0.36794797643516997,0.15679835602383352,0.0
0.0,-0.0903042562312352,1.4454371035580378,-0.4838409796000468,-0.9842867071800737,0.0
0.0,0.07394497659216345,-0.40701477114269563,0.4980705175554441,-0.25545774475952837,0.0
0.0,-0.024316111302018287,-1.6699643197939409,-0.09510655192348542,2.8629055692069274,0.0
0.0,0.9643020482852261,-0.3854221208977699,-0.24636927556039698,0.26174292512457564,0.0
0.0,0.16790938385133386,1.3408766705840998,-0.8588786416525147,-1.8328629986794054,0.0
0.0,0.293435279838999,0.2053657294688418,0.7262174368056005,-0.8846418510725463,0.0
0.0,-0.02985187439997226,1.382301927276847,0.13462464479393726,-0.9371735722779566,0.0
0.0,-0.7383590265005932,0.4885821540085244,-0.27434956418202405,-1.074075841231496,0.0
0.0,0.17527264647094173,-0.6499197723054312,0.06455413152870439,0.33577731381423276,0.0
0.0,1.0712582602089693,0.6395947509872173,1.4682525725639932,-1.9408854159546423,0.0
0.0,-0.16675161463054236,0.12517641253942385,0.07591488741969218,-0.9545824103436735,0.0
0.0,-0.9790188045065168,-1.8381466356707459,0.4170284385943842,1.4902705268550949,0.0
0.0,-1.9455099899019177,1.2453188886914082,0.4513843546032835,0.12264378624506808,0.0
0.0,0.3605557727306117,1.4382607863600247,0.9465593904624607,0.6831653799416664,0.0
0.0,-1.417149960503031,-2.3667787537448035,-0.9829428378593381,2.358041907397615,0.0
0.0,0.9438984092546443,0.7362217351830083,0.7451987923580432,0.3880870410498946,0.0
0.0,1.7359852515489143,-0.6423518143575387,-1.0818641723132427,-0.30690985001295995,0.0
0.0,-0.5032369681931531,0.5079460955953979,-1.4040840203429317,0.5526662822498306,0.0
0.0,-0.22307886657019707,1.4983693054248948,-0.33134744520111475,-0.4216871621154797,0.0
0.0,-1.6285072566418792,0.4171891444660794,-0.7764353359040697,1.510579005278758,0.0
0.0,0.027315032412879126,1.627575420007607,0.7582589026031583,-0.6299202044414384,0.0
0.0,0.6743209764867983,1.5771683103265455,-0.9938556086405649,0.7958447225411445,0.0
0.0,-0.3719759408955348,0.4093604423939692,-0.44127571653052,-1.7644808696721648,0.0
0.0,0.07897227872531291,0.03208978820595655,0.42281171866854805,-0.6081006215177926,0.0
0.0,0.16400406535030304,-0.4456613994656556,-0.6922395124697588,-0.40435224022985317,0.0
0.0,-0.8976646944032234,-1.5031132740298034,-0.9040218532927122,1.1275267539922642,0.0
0.0,0.08801940142009532,0.5017088885788487,-1.1855342674365186,0.7707845778812886,0.0
0.0,0.9941550256259537,-2.066152600526644,-0.49408687570435084,0.6898638801920521,0.0
0.0,-1.0836894721421761,-1.1664817678064785,1.0896988722067438,2.378470721695758,0.0
0.0,0.9358226741343099,2.2305440209918066,0.02272186718902608,-0.18601808939324582,0.0
0.0,0.7178433031029947,-0.7179282543446369,-1.352854816245171,0.06422612662891221,0.0
0.0,2.9158649850890126,-1.5573173404034442,-0.7061258858374156,0.03331615887956222,0.0
0.0,0.26728174115940206,1.4321548439139693,-0.8557238006363352,-0.3105404417942304,0.0
0.0,1.5783418883076437,-0.324769806499631,0.7671035666414743,0.28228993347162185,0.0
0.0,0.5644561215948536,1.316385678493299,0.5414478332073007,0.47568658832184757,0.0
0.0,0.3898343290533437,0.5771277757101185,-0.8173623932156854,0.13413411875579692,0.0
0.0,0.40766021358251125,0.33136200963544227,0.7931612257775299,1.6084697068463407,0.0
0.0,-1.2059534368001434,0.8730269096234241,-0.20319769359957282,-2.8639323676452206,0.0
0.0,1.25990545826488,-1.1143825944016386,0.020451620406849256,-0.6603102772404345,0.0
0.0,-1.7430153013864054,0.15388033928407094,0.3820237627085814,-0.06928786168087926,0.0
0.0,-0.3080633465347178,-0.4147845745261287,-0.3994723422105478,-1.3087778351385795,0.0
0.0,0.34959981991038963,0.4692970727286945,0.3918207638741558,-1.329861649179349,0.0
0.0,-1.5005293101270036,-0.31874898789136946,-0.37714063049009694,0.3101473573305319,0.0
0.0,-0.792966849414041,-0.5325083761053414,-1.5251655791839784,1.3874510750053504,0.0
0.0,-0.6830809533923236,1.3937337580854339,-0.011056571170460234,2.4683092893182383,0.0
0.0,-1.42312663833588,-1.3770691027085022,0.9546278837879645,-0.2504442688688729,0.0
0.0,-0.5058294258086808,-2.865144478315154,-0.2591591370387518,1.1875786127860302,0.0
0.0,1.2279751675125674,0.5727762964191476,0.754225652142284,-1.285815815550223,0.0
0.0,-0.4527353823848138,0.2634340982408417,0.4516931412996625,-1.265857820315405,0.0
0.0,0.3202452548059848,0.18425362619185773,-0.237170875342775,-2.055133197813238,0.0
0.0,-0.08563696766494676,-0.009863440958548336,1.368090962586005,0.15855229120753914,0.0
0.0,-0.2451094781202127,-0.9996578799813851,0.2675473459930076,-0.47755126564013944,0.0
0.0,-1.1915510455121512,0.24021286788467647,0.6605370213102014,-2.3964001816493887,0.0
0.0,0.9418369815792969,0.367294199004473,-1.5265254211677346,0.9246737496113944,0.0
0.0,-0.7502062249772273,-0.6262642430958375,-2.208480845301171,-1.4388484862733328,0.0
0.0,2.3380719579480136,-0.24238569847070324,-0.13275689153410386,-0.09074838075152745,0.0
0.0,-0.20494313074838671,0.0999294265518688,1.1006910257787645,0.5491573739446184,0.0
0.0,-0.71519695312531,0.72021523085635,0.16541827978692944,-0.5784360392577496,0.0
0.0,1.779234242791316,-0.6378588353222645,0.8735924765228498,1.445989736110868,0.0
0.0,0.31117536575663773,1.4613632108952417,0.32002436815623403,0.8913069488360262,0.0
0.0,-0.2163183454592876,-1.502183996338033,-2.569456580607759,-0.5280002786335651,0.0
0.0,1.1675237318787128,0.6916991004053501,-0.972012819057985,-0.2717964147479266,0.0
0.0,0.23272239418064558,1.0257648494850347,-0.09420763037723512,-0.7526727529281912,0.0
0.0,0.2268800651742664,-0.02757770421605412,-0.7379449366269414,1.3247861325335444,0.0
0.0,0.388973310126589,-0.7398801447089367,-0.3680021495942645,0.555240842377104,0.0
0.0,0.4741116567136942,-0.9214189417404479,1.3337091231903153,-0.4474013814068761,0.0
0.0,-1.982119231189038,0.6559509775873541,-1.8663004188097188,1.1055992527446232,0.0
0.0,-0.1869945099390889,-0.6418531928873771,2.025069436557118,0.4159661951107817,0.0
0.0,0.39411261354708044,-0.0896993116375958,-1.6562144434428347,-0.9824566227377347,0.0
0.0,0.13994374067254492,-1.084384073366324,0.27342820551493574,-1.1449237538403139,0.0
0.0,0.12799911588636406,0.1630149458515605,0.990523769053456,-0.1317356693866043,0.0
0.0,1.1839536424713717,-0.6245594159650834,-0.11729523876503839,1.8325707459810427,0.0
0.0,-0.15982719228617745,2.0027002536291403,-0.052939838607884634,0.3269866655453304,0.0
0.0,-0.728267085538656,0.03057972573454315,-1.2224478792211724,1.397528153467762,0.0
0.0,-0.2647435603747129,0.928602612252334,0.7518351560579688,-0.6426315792284667,0.0
0.0,2.7047733659824864,-0.7781979544068567,-1.2692468254255111,1.4822151984724694,0.0
0.0,0.412782758535775,0.45773827612418916,-0.6346197734686582,0.5138636910824077,0.0
0.0,-1.587828132642977,-0.2884718692670508,0.8009018748682882,1.1784423499826555,0.0
0.0,-0.982649448122923,0.852138841665822,0.10659222999849727,-0.14474201463760888,0.0
0.0,0.6608177404183044,-0.12577687021081616,-0.3640355104436169,0.6342692249781627,0.0
0.0,-2.023106693376254,-1.5565665247305975,-0.1080318390626104,0.2952543461576485,0.0
0.0,-0.3996773308766226,-0.5050963282671802,0.9374598706093726,-0.2282662055477621,0.0
0.0,-0.7305183506020523,-0.2221797875267271,-0.6250753773815211,-0.8533039423835347,0.0
0.0,0.8066921483786795,-0.07786416988496873,-1.1922563842924412,-0.5876696173826705,0.0
0.0,-0.38564723232395587,-1.2317676707030742,-0.4053612934159194,-0.03540263940883697,0.0
0.0,0.47829031760674307,-0.0814275604086167,0.8933706972408645,-0.7392340683648834,0.0
0.0,0.8529684015005363,-1.097163325717324,1.791128451846898,0.13350695377380123,0.0
0.0,0.5684712541640452,0.3291688641450186,1.7378826383835533,-0.37465319945525016,0.0
0.0,0.3353997355950313,0.594356891403038,-1.0442823797544527,0.7702367388211362,0.0
0.0,0.0969823711493364,-0.8672666136422678,1.7602773324821672,-1.441441992320384,0.0
0.0,0.4332950926835015,-1.9820617077071048,0.5918621918914169,-0.8363593938109026,0.0
0.0,-2.0077114425267277,0.3031516067466063,0.6398544051429128,1.3397262397057343,0.0
0.0,2.2374637611666137,-0.15286054270347496,1.6730979718169359,-0.2940214311786538,0.0
0.0,0.6800129238493147,-0.10797351401272433,-1.5174537661705207,-0.19754066486243305,0.0
0.0,-0.3867573241419878,0.6898163003667058,-2.8667766431609407,1.1745496370313822,0.0
0.0,1.5406954552430057,0.498555132115018,-0.6462139876095707,0.12093531827255716,0.0
0.0,1.708160421442011,-0.18761227520910886,-0.2962594215836763,0.9438825148176444,0.0
0.0,0.6337690028604687,-0.24688386542624902,-2.143822432031971,0.12425749556612041,0.0
0.0,2.5570479446749665,-0.6067114105040383,0.8778815414603499,0.326493857643205,0.0
0.0,-0.1480685580914279,-0.04263867340834535,-0.8463410964858293,-0.33408279816477376,0.0
0.0,-1.3339414704827037,-0.33359568815310037,0.15518303693764596,-2.138045109942214,0.0
0.0,-0.388821837912234,0.24040805536873427,-0.1901096579198733,0.914938627557361,0.0
0.0,-2.066262964459774,-1.677873004453556,-1.045460271943,-0.653252576547142,0.0
0.0,-1.0894080261647956,1.4453331907426958,0.79539204882818,1.3276963134619693,0.0
0.0,1.0998333799505506,2.157992839021751,-0.004373117785471705,-0.47248971205563456,0.0
0.0,0.25447690629950626,-1.0659175986812306,1.3446712762165127,-1.076286244639884,0.0
0.0,0.5952233076050167,-1.2195980431646232,0.6641628700348594,0.17183342985549988,0.0
0.0,0.5816762757108805,-0.287272287701222,-0.8567517540230646,-0.028687832462120352,0.0
0.0,-0.6436573316278865,0.10269374841474571,0.2993057836220084,-0.06870451216610848,0.0
0.0,-0.27237105429444747,2.297197441358719,-0.12588860346298222,0.4654519280596119,0.0
0.0,0.8300054524118095,-0.6285886049985773,1.480540424986725,0.24714037386953266,0.0
0.0,-0.7309644666582374,1.8756127468236208,-0.4472937794984489,-0.24098355557123402,0.0
0.0,0.3956916728514412,1.4177112339019027,-1.3541987803249809,-1.0476015235229472,0.0
0.0,1.419079085215344,0.04400887706714417,-0.24714607843257938,-1.5393844893243307,0.0
0.0,1.7944646714589718,1.245779311633212,1.3242129183546882,0.9506325950396384,0.0
0.0,-1.0491276572013561,0.44293306848647995,-0.32558366654546333,0.8215091131500829,0.0
0.0,1.103815205280264,-0.06783231199134013,1.2803413478984829,0.29156868277654047,0.0
0.0,1.2921932685397786,0.14094211224458772,-0.38249078037125406,-0.7228456387426015,0.0
0.0,1.1157919581865376,1.3355545250501262,-0.031350980853569244,1.7997241758766913,0.0
0.0,-1.029890756010718,-0.9481452088179896,-0.7049604011579178,-0.3790539442746599,0.0
0.0,0.7211526871128516,-0.08841256411112956,-0.3493854754272712,1.8547695473940884,0.0
0.0,-0.5151962524394045,0.27119484549078027,-0.049204990210965846,-0.7273165251365961,0.0
0.0,-0.4621025581766222,-1.4233182596308145,-0.9909174940009466,-0.33633647469763184,0.0
0.0,-1.1029643286518043,0.015540627759281344,-0.8973256776172084,-1.2260904903413465,0.0
0.0,0.9888881262330718,0.38056283631582705,-1.5926619053185496,-0.6410557094511662,0.0
0.0,-0.29584275903218993,-1.0366164760179666,-1.0911259400430484,-0.02981670807639255,0.0
0.0,1.8088547522592848,0.9530669384079569,-2.1963728712075197,0.1954087412580315,0.0
0.0,0.5041432757676123,-0.10254163883617172,0.16947578070820152,-0.18405595227079838,0.0
0.0,0.30087068818347323,-0.34060549025882175,-0.5286328629517718,-1.1319153262951318,0.0
0.0,0.6563685709808301,-0.08129012101187148,1.224486062631462,-0.7829084558715672,0.0
0.0,-1.3862109499587538,0.8216032258903451,-0.3040080231210445,1.2607890628588154,0.0
0.0,-0.9553806304873157,0.22276623965359468,-0.15918411017159226,0.22361068783566193,0.0
0.0,0.704885016030167,0.39158808137948703,-2.3197005825009036,-0.053435678317223,0.0
0.0,0.029199218772202863,-0.4859730394925299,-1.1423248205875265,-0.256974600887587,0.0
0.0,0.3503303505191529,-0.0740389206717291,-0.49317121599937785,-0.0045629531858249195,0.0
0.0,-0.2712927506256636,-0.9220646215558502,-1.718647618623458,1.4796589974858063,0.0
0.0,1.415331735994227,0.16271019544760584,-0.026975322244738538,1.6735950421257564,0.0
0.0,0.4963832273294779,-0.5115186358031026,0.9480630959119012,-0.9061022106092549,0.0
0.0,-1.2020650003204605,0.5032546201799635,-0.7258098040284641,0.36675327054585855,0.0
0.0,-0.08339039214978058,-1.8529489459720725,0.3914198629342532,-1.1331945682612459,0.0
0.0,0.8818839572968543,-0.3994447550008675,1.136026083453655,0.8295981388988701,0.0
0.0,-1.4443806245117397,-0.7134023112200762,0.6458851950613403,0.6178372382869896,0.0
0.0,-0.8756646598263352,-0.7055540071025231,2.6289505034924803,0.8773484410991774,0.0
0.0,2.8726639271280945,-0.880392929704301,-2.1864197602265767,0.35053174323808817,0.0
0.0,0.4086607501117983,-0.016864247496586035,-0.9798498640875416,0.24699227610990254,0.0
0.0,-0.6084481329340317,-0.29322328697981875,0.647021364739669,0.006924263144747601,0.0
0.0,0.46040926853343234,-0.1165216990758329,-1.4822163673549973,0.6975021128438723,0.0
0.0,0.07529624152023259,0.8171105535860126,-0.269890232921107,0.8136749145807316,0.0
0.0,0.09597957494751472,-0.4039270665231819,-1.0497886459657144,0.685455405719731,0.0
0.0,0.05281211702070271,-1.7055563409715502,0.8856789915717863,-1.2142480549661345,0.0
0.0,-0.11614357728357948,0.5306346293149637,-0.8636927725739477,2.227197918524838,0.0
0.0,-0.079962476640353,0.1942382959344058,1.983137889676728,0.43977223052776293,0.0
0.0,-1.5835234921426316,-0.917444962451714,-1.8469852126564128,-1.265896069183979,0.0
0.0,-0.39726586903415284,-1.813325209247459,1.466324245937864,0.3030775983811077,0.0
0.0,-0.18286801525317184,-0.734050509996791,0.7473831380461838,-1.8306268940602255,0.0
0.0,1.200122770345143,1.8618506884989767,0.8951698830593057,1.0933458152384008,0.0
0.0,-1.0427193456241246,-0.29627721509124266,0.7408717818441275,-1.2956120492680405,0.0
0.0,2.328633643425929,-0.03785621944656894,-1.369853908482072,1.333683321034491,0.0
0.0,-1.2600436695870414,1.1193576178330222,-0.24602116836421992,-1.568813391175099,0.0
0.0,-0.4571689658069663,1.0756249260180017,-1.1836039928480797,-0.0031450753278339846,0.0
0.0,1.592939723655209,0.1482363913126658,2.620028457421977,-1.0057831930244878,0.0
0.0,0.2422513898711622,1.3074198126405054,1.8827365342380213,0.3131427048578104,0.0
0.0,-0.40899579506242284,1.2111188115351739,0.88203373259735,-0.8070459004472353,0.0
0.0,-0.014465439692972773,-0.3363530924740422,-1.3261243850683202,1.4566726861375232,0.0
0.0,-0.8196675975349886,0.35496326365510855,0.6662154129936715,0.30807014974665947,0.0
0.0,-0.7097323935043468,-0.20693955650099463,0.431062320694268,0.2098088405206198,0.0
0.0,0.3365651506921901,-0.878878282325445,-0.9141273653751992,-0.4670943126265114,0.0
0.0,-0.9928757761363882,-1.4565979225608119,-0.8858496545027014,0.9656604082064052,0.0
0.0,0.19011068628580505,-0.2604934228225423,-0.9329043250955152,-0.3102154731107329,0.0
0.0,-1.0153124109152643,1.440821434565185,1.378000909487055,1.0172207582244646,0.0
0.0,0.824041338674355,1.5748942305997442,-2.4207203628804588,-0.3546989362711,0.0
0.0,1.6893604799074446,0.8847771207799798,-0.6391452392939451,-0.3716356846270968,0.0
0.0,0.6759903415113677,-0.4206306499017724,0.07675655361747495,1.3941270106623238,0.0
0.0,0.12624043551614622,1.7921773887493075,1.23848531093926,1.8801979019786914,0.0
0.0,0.35270368022684523,-1.5575455837418888,-0.5196683879757977,-1.0784397842960645,0.0
0.0,-0.9897374802661029,-0.039343382736064254,0.07222280679659855,0.23055261247513473,0.0
0.0,-0.5904304460323507,-0.9887584949551774,1.0472926514818048,-0.05246325846738259,0.0
0.0,0.7915445154047235,2.3666262986428737,0.7023873456624157,-1.1697189538861015,0.0
0.0,-1.2304116933981986,-0.09935271091713459,-1.1915069415420019,1.5307186574449991,0.0
0.0,0.9655660154029092,1.8931729359262452,-0.2126411787819973,-0.2890580265273492,0.0
0.0,0.15259827032269732,-0.9484743315257248,-0.23380262526550785,1.0678044906880737,0.0
0.0,-0.07669090299733634,-1.3450190584990653,-0.016780505913790635,1.707032462365741,0.0
0.0,-0.5329483657264056,1.6838807845871924,-0.6285804889770353,0.6391052132695252,0.0
0.0,-0.41205934650237624,-1.7687769702146083,0.3549790215928799,-0.0481191521496074,0.0
0.0,1.2391466394626747,0.13012197147051868,-0.4513119964306466,0.0941168754213596,0.0
0.0,0.01034852793724045,-0.45036769217778627,1.4002180397401163,-2.135452904639693,0.0
0.0,-2.1673562800104245,-0.467770317344747,0.5724502307202335,0.5770597135536951,0.0
0.0,1.1629335463129888,0.44856457107826264,0.45267582440483,-0.7491202420151447,0.0
0.0,1.129368939451701,-1.358332770780115,0.7687628102108763,1.2468450244340508,0.0
0.0,-0.44400149039560655,-0.27155410970442634,1.226604497012293,1.165346832954299,0.0
0.0,-0.15745776289403512,-1.6522781677296585,0.7364920333116511,0.4802405974713426,0.0
0.0,0.7966876055880117,-0.775799337129007,0.0939825541193733,0.5497830305249134,0.0
0.0,-1.6422284580797153,1.6105404690214842,-0.9780968119002387,-1.3547111766858098,0.0
0.0,0.3650955026727286,0.7794837041039913,0.08862361871651787,1.049398271020898,0.0
0.0,-0.12555963606476134,-1.0985142053337307,0.031113641284556164,0.3871433934457527,0.0
0.0,0.15483474258064334,1.13668610105968,-0.6263516683280174,0.4211141066011092,0.0
0.0,-0.8723652811126105,-1.6834962742348987,-0.09188724588948052,-0.22357598201136678,0.0
0.0,-0.04734868997812388,-1.346183804804526,-1.7219491549804606,-0.3000649441437362,0.0
0.0,-0.5289580983030265,-1.31003581473957,-0.6744521361247997,0.09532021097991929,0.0
0.0,1.1319676506903296,-0.7533873854480087,1.9703527099250306,-0.7818822394684074,0.0
0.0,-0.08856201327174992,-1.6855358043548319,0.46732557224551174,-0.9976331693638744,0.0
0.0,-1.3723261622012288,0.7213717593381734,0.9907628717573085,0.15921275798064993,0.0
0.0,-0.3818559567983127,-1.382957226573801,-0.08759261435759204,-1.0647023244761622,0.0
0.0,0.9093976091986815,0.17866260542194692,0.19205622911779277,0.017745133403614916,0.0
0.0,-0.43249463869650073,0.8167042204938562,-0.7115335630494162,0.47535378017167845,0.0
0.0,1.592043734346477,0.8834674461035779,-2.2661033117866416,-0.06315683161437365,0.0
0.0,-0.8973301904410641,1.3502787240834928,0.8276209996088634,1.7564615919234996,0.0
0.0,-0.7393454859405514,-1.921255021822771,-1.2039509797106949,0.1593361928779767,0.0
0.0,-1.468042966100872,-0.27545308493945836,1.6029495342198394,-1.0598452947720967,0.0
0.0,0.043082329048249435,-1.2342246612518637,0.23258945838880415,0.9558069136800674,0.0
0.0,-1.340896539839733,0.06499730999389174,-0.21132507355977423,-1.368000928964397,0.0
0.0,-0.34225270129887786,0.7042798999550498,-0.899898730298143,-0.6826206418532715,0.0
0.0,-1.5391937082891232,-0.3689408468265098,-0.3818653876453147,-0.5957544243305964,0.0
0.0,0.11383719641409813,-1.2326840914200479,-0.9225854441395037,-0.2149995384955548,0.0
0.0,0.5879990922596742,0.5648681738659536,1.0849363392871212,-1.3328605684474042,0.0
0.0,0.013748785850424407,2.113990924327753,0.2578569943219654,1.5000735096848257,0.0
0.0,0.3707778270641116,-0.655949110924348,-0.6882064780683722,0.9845028868323429,0.0
0.0,1.9711525447508034,2.8124301081459575,0.09172859428036156,-0.20492913934407625,0.0
0.0,0.04102953696458394,-0.7722113823088642,0.2921857531358155,-0.6570910782383403,0.0
0.0,2.2236548662954143,0.1596739013392615,1.0152380899543403,-1.2286290432082179,0.0
0.0,0.99053921530015,0.6385848762235683,0.24673420447062036,-0.2737046686583292,0.0
0.0,-0.9230751378457701,-0.02661528026839351,-0.1492221515129552,-0.3677940134954597,0.0
0.0,1.0465746476430726,-0.6696278922283078,-1.6833682917692576,1.312071272396,0.0
0.0,0.9323546473483098,-0.09101314495927647,-1.3137562245363628,-0.006480620680764525,0.0
0.0,-0.08836713527396754,-1.8173411714491143,-0.5392359652236325,0.10370534217287455,0.0
0.0,-0.8386462376464713,0.6896846520275459,0.5733103361326132,0.6996789720766342,0.0
0.0,-1.901157048725029,-1.6462287181717061,0.10414675588887681,0.9255937391349351,0.0
0.0,-1.60347805017778,0.02293131117051668,-0.28576183377217385,1.084133249409943,0.0
0.0,1.4163933760540721,1.9742267214909837,0.6057388392893012,-0.18078561153838704,0.0
0.0,0.30240333913215645,-1.4397698156279992,-0.41318153137873803,0.026154916989536363,0.0
0.0,-0.9029899785408264,0.3849939740601089,-0.24644613412977398,-1.6525873337779804,0.0
0.0,-0.8742174320704643,0.7468169068764196,3.0142568073665874,-0.3684366523858991,0.0
0.0,-1.1052629325909917,1.3132160181778014,0.07877370158151388,0.4252987347769147,0.0
0.0,0.24006686493047238,1.2473459642285802,-2.343337837951733,0.024642784173281293,0.0
0.0,-0.10548999710819594,-0.6349810326679632,2.0203591677088615,0.37322635736619214,0.0
0.0,-2.473513672138738,-1.0581888946523184,-0.5799477651193159,0.7379406407066987,0.0
0.0,-0.9320148722154501,-0.675393902939273,0.19965027287812814,-0.13883537323829515,0.0
0.0,-0.08591203222349711,-0.4247095650462474,-0.27406624667616764,1.2601334785050642,0.0
0.0,-1.0189040214773994,0.04258787668850237,-0.8495017418853005,0.20408490834323115,0.0
0.0,1.7232552311697213,0.8709994382888063,-0.32684739123832,0.4931245466057107,0.0
0.0,-0.8690980122257752,-0.7393780143525593,-0.24221842911722566,0.34182326291186255,0.0
0.0,-0.9757712738046441,-0.4577582995511009,1.3482301835236508,-0.008085122245710714,0.0
0.0,-0.15670453738088289,0.6036166735592032,1.987329535029023,-0.48829003066668997,0.0
0.0,0.8444435911032246,-1.7812602304198257,-0.3726404192970584,0.2455290302841887,0.0
0.0,-0.33160988823716614,-0.6996917253932172,-0.6601442028702946,-0.8462295383522866,0.0
0.0,1.1402751950980672,1.7210395809113292,0.7729180541943694,-0.7925718932884508,0.0
0.0,0.5387494123320763,2.0289201349508517,-0.45032825560940265,1.5058879500513545,0.0
0.0,0.08393401312123279,0.7434158625390913,-2.0118571302502057,0.465381962682503,0.0
0.0,0.5576817592301632,0.0032299119237019194,0.13513204992627473,0.26786194317318096,0.0
0.0,-0.921804039128731,-0.5939360328636292,-0.10783939912558077,-1.2932244184127004,0.0
0.0,-0.4418071065598448,-0.4844016389268086,0.7688834858083552,-0.7916276227138143,0.0
0.0,1.5029303615164507,0.3091973336678153,1.0687977663684605,-1.5676965253437583,0.0
0.0,-0.6666014933809786,-0.967719443541812,0.20786498663112676,-0.558963741377961,0.0
0.0,0.07652309066594981,0.10062233195270033,0.5314629221195962,0.4464790105192735,0.0
0.0,-0.44756753924880266,0.2337138791983074,-0.8285991090743985,-0.006971605421605283,0.0
0.0,0.8072690380930364,0.47163002165413,-0.29821572819656733,1.2209758214864979,0.0
0.0,1.5355365999715735,-0.168510209086279,-0.32334982978175414,-1.1143507165889595,0.0
0.0,-0.46399715576392153,0.3064199257703482,0.28625536432525334,-0.49727338810030763,0.0
0.0,-0.45457105018657096,-0.9529652797350255,0.2206695180875882,0.960025588992661,0.0
0.0,0.7756155872863675,1.4702336408332042,0.500176118182547,0.00437492677805864,0.0
0.0,0.09456318510330142,-0.8721578459403875,1.8402250198684535,0.16178754506288776,0.0
0.0,-0.40145807529139876,1.1052733416429885,-1.471823484088496,-0.1587613544389334,0.0
0.0,1.8889146206557335,1.1209229575955912,0.8768895071448473,-1.1669975479113146,0.0
0.0,-0.36963119017231105,0.32911572851145804,-0.24910562318734492,-0.9085493178165344,0.0
0.0,-1.7353764938330045,0.8787662682961406,2.7509329842463517,-0.2274185306271779,0.0
0.0,-0.10334079385220032,0.3404543971304148,-0.10565817561858817,-1.9922450709961252,0.0
0.0,1.2365872474745803,2.1064712768911313,0.23794101574517973,-0.21861313828426318,0.0
0.0,-0.7717136231404041,0.5518282071190983,0.7381034173593232,0.7241225421921444,0.0
0.0,2.620553492066471,1.0489448505652625,1.0477579719146257,-0.2767420996083741,0.0
0.0,-0.22888549915360218,0.023857138687491532,1.230227838289871,0.6038116315686192,0.0
0.0,2.047952886040573,0.3388283056800564,-0.5307401911277956,0.01904808627258863,0.0
0.0,0.09034271121912087,-1.1452712774927878,-0.618433772315254,-0.5142966672795231,0.0
0.0,0.006647689571871141,1.0528793875446993,1.7366294517693248,-0.7473193621564806,0.0
0.0,0.7196032427836605,-0.12042887197224574,-1.3457303781951624,0.2364659510765694,0.0
0.0,0.7334764519164338,-1.5008629530294906,1.4440240638707984,0.5564375919713069,0.0
0.0,-1.059770966352547,-1.6445169274261926,-1.4247097694484707,0.568281103806824,0.0
0.0,0.7336782178376048,-1.0206269274191762,0.4163126045416176,-0.03278503393480346,0.0
0.0,-1.2454542739163141,-0.3747665154016204,-0.10886134806358831,-1.0331217379367539,0.0
0.0,0.8888772383259016,-1.0414738501871432,-0.032151300283440175,-0.45056143168883384,0.0
0.0,-0.5933152185707868,1.4812180408442894,-0.21364739841700917,0.10476396206793424,0.0
0.0,0.8356487510687102,0.21056135154392827,2.016385496765508,-0.43554344906439835,0.0
0.0,-0.02148675172533123,-1.2424245872481898,0.2008542482860669,-1.4219827337810031,0.0
0.0,0.011672236666016066,0.3077801937773749,0.3484525584316862,-1.4241866170394855,0.0
0.0,1.114072465930004,-0.9192316798485433,0.327409830179369,1.8719885052199392,0.0
0.0,0.36293380089172417,-0.032891945852680536,-0.6133885988976148,-1.441605470854236,0.0
0.0,-0.16646630238021956,-0.7470950508172897,-0.18563159575845428,-0.4622301730030693,0.0
0.0,0.43977085095810736,0.03368458383589422,1.0694497414093087,-0.24846162722773332,0.0
0.0,-1.315800591187364,0.19575119070047262,-0.13480435686155942,1.0035868314592358,0.0
0.0,1.0603437868520882,1.3148559322571571,0.6598110942044902,-0.3308243640670079,0.0
0.0,0.03486919618036405,0.20473156614809823,-0.2601325383308436,-1.5116072307038728,0.0
0.0,0.3023887586101923,-0.793667404819219,1.844437681545652,-0.01308836999951045,0.0
0.0,0.592956816251784,0.584067417530154,0.1301160778856996,0.19635620995173186,0.0
0.0,-0.00963389514991144,-0.2851087221747244,0.6072302462266466,1.559905274586914,0.0
0.0,-0.5511233378907464,1.3363985824033673,-0.502930186155773,1.886478265966017,0.0
0.0,1.7070943957744,-0.6922659788805634,0.14508331462473534,-0.05330014111924644,0.0
0.0,0.26627797763242944,-0.3715304714275889,0.19790805434792114,0.2541621409761113,0.0
0.0,0.6765036904967932,2.3291209374309885,0.2093939041901572,0.6421307114599155,0.0
0.0,-1.406904564009924,-0.6726009605022717,0.5027699144970873,-0.5886807722089978,0.0
0.0,0.39342404661128716,-1.3075448703829806,1.0974489345179155,0.6817955105607538,0.0
0.0,-1.674592495036911,-1.404928985934082,-0.49048808161131807,0.9445988401466167,0.0
0.0,-0.8697590170028391,1.680163314024418,-1.4699095362474126,-1.5634605016506748,0.0
0.0,-0.44055105459169935,0.551401389931259,-2.101746740440692,2.525523001537097,0.0
0.0,0.7399355706370044,2.3714456934698176,1.8647549880063101,0.43735834557372694,0.0
0.0,0.5225537462255686,-0.9172165928458582,-0.023153182200226205,-0.3741285330431501,0.0
0.0,0.3382928682901821,-0.018669182855189963,0.2048384442903723,0.8820205237772533,0.0
0.0,0.5813517347889262,-0.47331237010137817,-2.003534429257784,-0.3474005137512009,0.0
0.0,0.41548736677144277,-1.4796292769630626,0.7409703323245702,-0.28772386117467197,0.0
0.0,1.8190455054542187,-0.5633723083106065,0.3318924244081558,1.5750439367172495,0.0
0.0,-0.8921599447700848,-2.2138625488529033,1.7779264330315585,0.4876738979028179,0.0
0.0,1.0142178946801312,0.13103259477547824,0.21853696484470805,1.3364881550376617,0.0
0.0,-0.1954428149683789,-2.594849684228677,-0.8168101060316562,-0.9712025194602212,0.0
0.0,-0.6579428757798115,-0.2577558407140353,0.787370154373429,-0.24364775315861867,0.0
0.0,1.387520848823074,0.9759599305431333,-0.24351882246931691,-0.6494414747479037,0.0
0.0,-0.14784947435823062,0.37314912622091306,-0.09797806053614122,-0.819751522880196,0.0
0.0,1.625052057406601,-0.12231290946819202,1.4083073499232983,-0.048554738549040605,0.0
0.0,-0.6904644633157765,0.8762717475924889,0.5911769375415442,0.012076435908986504,0.0
0.0,0.8290885244746,1.3346888316649954,0.5746099647850347,-0.334173871140162,0.0
0.0,0.11053550341839807,0.16616314239173385,0.9266309085251272,-1.2387184435947765,0.0
0.0,-0.12001341129941055,-0.8926776240787472,-0.8375486942317963,0.5553601708352179,0.0
0.0,-0.7899026615201666,-0.19620427857014988,-0.20117247836755417,-2.147002003818357,0.0
0.0,-1.3309069661114739,-1.3487570296469165,-0.3087533184406132,-0.7181663319828107,0.0
0.0,0.24534479496381442,-1.6989029493728585,0.05202377144648954,1.6556726384989462,0.0
0.0,-1.572591957574192,-0.09674732077597743,0.3038286242088966,1.7904226356063004,0.0
0.0,0.6617330853575593,-0.32465328478521055,-0.6615444765997589,-1.0956549264917523,0.0
0.0,-0.6806152253559798,-0.846521078547809,0.5742090699481002,-0.3968680086131311,0.0
0.0,-0.9043637449050127,0.8300430438656242,0.3967201847639821,0.480960468673344,0.0
0.0,0.4763133857073278,-0.8852139124470303,0.8317181971227474,1.600636484928547,0.0
0.0,0.601643559412746,-1.4192844941652567,1.090177171235622,0.33114136143741996,0.0
0.0,1.3184231806798616,-0.7097779011298533,0.0055597297838389115,-1.9700949623251394,0.0
0.0,-0.5821972021102505,-0.5335873596349844,0.41119493607912544,1.1537230332352584,0.0
0.0,-0.26920316726759586,0.28955468112859745,-0.7746575284621727,1.1232313440159487,0.0
0.0,0.9148195707666917,-1.2195544709180668,1.2950463343952014,-0.9424954970794799,0.0
0.0,-1.23932065823435,-0.5227055455250218,0.7845311277199579,0.7566326168409601,0.0
0.0,1.2690657237389025,0.8006917877370718,-0.8616404322974207,-0.0725489240518179,0.0
0.0,0.21833093424684039,0.14650176923947156,-0.23332025982339474,1.784632420534381,0.0
0.0,1.2747479300351134,0.6482720475358968,-1.2854164931452075,-0.16049170212282224,0.0
0.0,0.8161862313400002,-0.08059635956490799,-0.1315614343736984,0.6927645463351657,0.0
0.0,-0.9723161246286589,1.3088333180173901,0.6520376475219676,0.03793281619658393,0.0
0.0,1.1741042882290142,-1.8756178533392285,-0.08807622776989103,1.0197392021281915,0.0
0.0,1.1987428746218414,-0.3949162684470919,-1.456269633349459,-0.6139890020189924,0.0
0.0,-1.633291011089031,0.20559972385984787,-1.890996659434414,-0.27063775992411904,0.0
0.0,-0.6000662625984053,-0.9212135912115297,0.6512367293978103,-0.14567095145763986,0.0
0.0,-2.1148626894210802,0.1269423297724568,1.237027108708245,-1.620174693643011,0.0
0.0,1.473598360594178,0.09820106708492063,0.5607742799546644,0.03921991925156736,0.0
0.0,1.8169074622856074,1.90346096507223,-0.9812440736536807,-1.1930076242865113,0.0
0.0,0.5591291667050783,0.4453175004847966,-0.6537193587705148,-0.5770609684512266,0.0
0.0,-0.33867409456490616,-0.16870628060713713,-1.555408942193369,1.0008567956474144,0.0
0.0,1.0053726055962837,0.27781934460027713,0.14561963428463617,1.454750829571598,0.0
0.0,0.8306898348095115,-0.16343437850503167,0.15729781100705054,0.19433196019920437,0.0
0.0,-0.5987951379479377,0.9899380412043005,0.16439651255568236,-0.16172376437491048,0.0
0.0,-0.2163369798407077,-0.07607877163276508,-0.5758158997491846,1.953888010958568,0.0
0.0,0.21786374566410477,1.345062503811141,0.030523879811962182,-0.0264381024519873,0.0
0.0,0.05307209016757071,-0.7677949811677429,-0.6217389487709624,0.8662377482112021,0.0
0.0,1.567819049684794,-0.12030568479273702,0.28271105296469434,-0.09088201084413418,0.0
0.0,-0.004009720368202488,1.8637082515980818,-0.5566044841892126,2.1367773451667618,0.0
0.0,1.2652888995271563,1.3200505726571206,0.5382233779785867,-0.2599161604906992,0.0
0.0,1.2634285498307722,0.5065371236473758,0.16581814636085446,-1.074653420063647,0.0
0.0,-0.03706536362198168,-0.9737580612724006,-0.7512182690572311,1.513442562055728,0.0
0.0,0.003536870260719876,0.8374058821015942,0.2491644566348464,-0.5450483569649395,0.0
0.0,-1.5459013613508494,-1.1890896801063051,0.07938529529454648,0.8864946478464129,0.0
0.0,-0.44128387766525207,1.4280809973156252,0.25464058522827693,0.5286624875304928,0.0
0.0,-0.14327123101152778,-0.2446848404517036,-1.3913317379953953,2.3342137716874407,0.0
0.0,-1.6437491734532712,0.5362376659597509,-1.0130827979029544,-0.12952250728081907,0.0
0.0,0.23992124841189322,0.6518287958909782,0.5081534892030576,0.07802791698392067,0.0
0.0,-0.558555784617702,0.7160316653068648,-0.2882666445318975,0.5440919598827568,0.0
0.0,-0.08937397238330043,-0.5976212615858462,-0.32275912644261384,-0.4024847908530974,0.0
0.0,-0.9100614247521459,-0.5208471552661451,0.11701793792160566,0.48179295783704446,0.0
0.0,1.9462357852775807,0.3767781948698445,2.6515771042392315,0.9518065080578312,0.0
0.0,-0.863689556326709,0.37997309517754013,-1.0423447523755696,1.2267396986384551,0.0
0.0,-0.6521167802029272,0.41174251441565374,0.5157477667181177,0.6523058919203228,0.0
0.0,-1.1608458644209856,-0.3059199021456544,2.7810256197910155,0.23721445935815968,0.0
0.0,-1.0430037137659642,-0.6686891080767025,-0.30104545037145103,0.20621329127646046,0.0
0.0,-0.4729084467858779,0.29258653439741705,-1.5221568016891953,0.38309451950977663,0.0
0.0,1.1795898143480616,-0.43715503793461835,0.8365222980337437,0.029520778767292023,0.0
0.0,1.6295115823358826,1.0481788012166173,-0.4922681300919427,-0.08504095138886898,0.0
0.0,0.2037267067785393,-1.975217098505259,0.25965574557033816,0.7830182439201271,0.0
0.0,-0.8801508907360882,-1.0020429898308034,0.6801119969091121,1.384109387622999,0.0
0.0,-0.33363687076485643,-0.8287892648464309,-1.4103661527748226,-1.2974035268921493,0.0
0.0,0.17871230363698254,-1.469517348243976,2.2734506608203104,-1.861129705144386,0.0
0.0,1.446337085053313,-0.6272313395345432,-1.2668917958943762,-1.1399102812360984,0.0
0.0,0.8836489386478196,0.49977891202236663,-0.7796402452741923,1.0926461175891569,0.0
0.0,-0.4868700723061605,-0.32127734155064175,0.7542528791124764,-0.09513774440563016,0.0
0.0,-0.08215537952815993,0.4352323992592102,-0.02497018884193071,-3.0450102709595908,0.0
0.0,-1.1646561747094233,0.278762386177184,0.6545561509394592,-0.4151961372094759,0.0
0.0,-0.5980892022141158,0.5373092658370706,-1.6703688620786075,-0.07204280816678,0.0
0.0,1.8961494155350984,1.039060296349522,-0.5122509441306506,-0.1941431599046902,0.0
0.0,-1.170331975017945,-1.4371269151696686,-0.4892582856482031,0.06868167893184556,0.0
0.0,-1.0457528344771936,-1.2634946047940678,0.5545611104699297,-0.12505027436365704,0.0
0.0,-0.14113093404193003,0.07668455444827174,0.33917623254381324,-0.1973194198885437,0.0
0.0,-1.8350206781888492,-2.0679353770161732,0.49783125886752766,1.9254724428468986,0.0
0.0,0.4007259886806948,1.503307544731709,0.7489984192931403,1.5694677215209205,0.0
0.0,-1.1030342393286339,1.1651411977629653,-1.8143268923601348,-0.3419825886317778,0.0
0.0,0.9544892372409933,-0.29785413001626765,-0.52316004693413,0.2749408906956474,0.0
0.0,0.6590042039633647,1.0568609368872255,0.1300756814525177,-0.42151018436990023,0.0
0.0,-0.006174993350964605,1.990338074862313,0.2103253854187898,1.0092832813605512,0.0
0.0,-1.1608838513437907,-1.1489697506103365,0.14364353586435846,2.0942125469863,0.0
0.0,-0.6423571170399891,-0.4687329922812261,-0.49597741118547034,-1.20822954151337,0.0
0.0,-2.237624474973594,0.551168552927045,0.4356018146480804,1.6029181882202914,0.0
0.0,-0.7025413136891887,-1.0136638083132883,0.07509898075543125,1.3065689917728547,0.0
0.0,-2.0724347275157924,-0.15593414495969568,0.11786265937353448,-1.8988339389903752,0.0
0.0,0.7982303530209282,-2.118172834596402,0.46749615912062514,1.4742359793997222,0.0
0.0,0.6174764482252022,1.8280220979720792,1.1881776935084427,0.5257806498290205,0.0
0.0,-3.4166962563659116,-1.0117575530951224,0.4432663291419121,0.001365335369890763,0.0
0.0,1.3246562868253768,-0.6765397372217894,0.5393974044651014,-0.3641980713506775,0.0
0.0,0.7528751183206305,-0.5804959233748296,-1.325720343801017,0.30431818516059056,0.0
0.0,-0.7801401425144324,0.1989357631323441,-1.6380413190278054,0.9301172546639288,0.0
0.0,0.8310314290174672,-0.6979229121941617,0.637863547806525,0.5100086197854394,0.0
0.0,0.963399567809594,0.16242490423048217,-1.1397953823421236,-0.31142680017277635,0.0
0.0,1.0046445619435325,-0.9117168637518716,-0.599429621244722,1.9971886619128685,0.0
0.0,0.013160567574060264,0.5414917970217143,0.9545014933321233,0.35733928925450903,0.0
0.0,-0.46247835596476844,-1.4871049139142343,-0.22519586142929493,-1.3112650225243683,0.0
0.0,1.264129778499976,-0.13548486785705063,-0.24572870491080026,0.31133304135017564,0.0
0.0,0.6053151269813887,0.9494886736909725,0.20924187921433854,0.48590812678247214,0.0
0.0,0.9510813574884504,0.4872842420883865,-0.6084371320577772,0.027585225975668256,0.0
0.0,0.9520610955150997,0.7404510428751421,3.407030176701856,1.7531522032382443,0.0
0.0,-0.5859160776437768,1.3473910734314922,-0.16659142638556518,0.6313766830768387,0.0
0.0,-0.05378731068365419,0.6654290286576765,1.046535300514842,-1.6381881165088679,0.0
0.0,0.09256302803055957,0.17159188072986364,-0.808557092306491,-0.33563141045911976,0.0
0.0,-0.37095415310586877,-1.3975741627070928,0.6468433389068691,-0.38036233183687257,0.0
0.0,0.6389060748271115,-0.2739796025283345,-1.1237342727431956,-0.3165516500242744,0.0
0.0,1.2062998280137207,1.164309018539344,1.8745862396908095,0.1686366606082061,0.0
0.0,-1.2058448694809303,-1.74556261543228,-0.40567163591042393,-1.9926840064746816,0.0
0.0,0.07503132214881911,-1.2070905480139857,-0.8832124366006932,0.03038213695033049,0.0
0.0,-0.47852993929113974,0.15108908830437656,-0.9008220577156474,0.9319755974095885,0.0
0.0,0.31075372995379913,-0.5636365210953392,-0.7415118431624649,2.2063104517505066,0.0
0.0,0.4282385107392958,-0.6058743045831403,1.4061019198099711,0.36448604942086615,0.0
0.0,1.4228821641925546,-0.3346766992536149,0.9314857446535019,-0.3662786983511455,0.0
0.0,0.11536661161570097,-0.4886792321571714,0.9453606720131859,-0.4615126678676867,0.0
0.0,0.1712808820840049,-0.7297170046627723,0.30159715774782814,0.10285532601416471,0.0
0.0,-1.5774642508116665,0.4344508272039065,-0.14312162519643978,-0.7017647441398324,0.0
0.0,1.1683935292226058,-2.5456331280831397,0.3649607186480299,0.503807646221429,0.0
0.0,-0.7773511246318322,1.302780282592197,-0.9154020695782176,0.5726021296438754,0.0
0.0,-0.7237510436072233,-0.07581901246617644,0.20003309002649358,0.44263193157275277,0.0
0.0,-0.7859973449055012,0.22628990343930414,0.587427396928502,-0.4224893053031678,0.0
0.0,-0.508503005837734,-0.37243992913762053,-0.8288840859932762,-0.11242318119327314,0.0
0.0,0.46574095573884056,0.7324668491294167,0.5734728436647312,1.4162619804037013,0.0
0.0,-0.21705465819195477,0.5961887588369906,1.0158192690961234,0.08455720709105938,0.0
0.0,-0.7699664631557098,-0.25592280584799393,1.2948443148278004,-0.4679598503595368,0.0
0.0,-0.2563825537554007,-1.1030359603345004,0.1605631462942964,-1.219129011722168,0.0
0.0,-0.6492663240007639,-1.3239755272739164,-0.7697951532854791,1.8203495002846175,0.0
0.0,-1.2444967436319125,-0.015501963930500798,0.48122118994559665,-0.3301743185218792,0.0
0.0,0.03029672762771197,-1.318377620560086,0.5077269642674245,0.5894241650274682,0.0
0.0,0.290796732260084,0.4662044833010329,0.34057178997841625,-0.6420497558136179,0.0
0.0,1.5994933308825299,0.32153132581861105,-0.38116963683897137,-0.5780375835905753,0.0
0.0,-1.4484600736225177,0.06005312681650358,0.5820958725608144,-0.27661730312462796,0.0
0.0,-0.8241205626426861,0.6423694019035715,-1.2324515621026597,0.32222098796031234,0.0
0.0,1.2873269055070427,1.167565464350466,0.037918765904272504,0.6371796665601372,0.0
0.0,0.20400464986398772,-0.8697436198079886,0.3346462486143323,-1.1583894037639857,0.0
0.0,-0.1242199878831924,0.6487056737526442,0.5278142579518986,0.18913466592085892,0.0
0.0,2.0489035094033885,-0.08461302571362228,0.9487263605814796,0.06078662067481991,0.0
0.0,0.04505868633763765,0.8760300533810499,0.3637508873353241,-1.4659811204266044,0.0
0.0,-0.40798286726790556,-1.5084657767897227,0.05464086923457512,-0.1502310688973066,0.0
0.0,-0.22755807001587527,0.5511901843566632,1.9036740913641035,-0.18776306666145787,0.0
0.0,-0.4956840272821589,-0.05553270465509948,1.0859485064067298,-0.8065188114502192,0.0
0.0,-0.24426519327424773,-0.9251960641559462,-1.2281143125427119,-2.173576033392512,0.0
0.0,1.6764738724101103,-0.8867351311167347,2.1686793841816514,0.7616882348500394,0.0
0.0,0.6874845004866792,1.9647789637289237,-1.988043847400048,-0.3351907634055936,0.0
0.0,-2.235405379204999,-0.791297876613361,-0.6430585435422517,-0.6238289405565246,0.0
0.0,0.8526638284923962,-0.485151230309307,-0.20537039263705875,1.0929672958560668,0.0
0.0,-0.8211342171810657,-1.09293306957043,1.2954406014275175,-1.2439670161446925,0.0
0.0,-1.1097665798195,0.6716177777472938,-1.8867486924100685,0.028898113589355554,0.0
0.0,-0.14653356074958104,0.29178386931141775,-0.7273329078519633,-1.1233579705435064,0.0
0.0,0.6845032761277489,-0.6914031557331229,-1.6451299486837463,-0.9303269951550257,0.0
0.0,0.17822526816956705,0.06980453172236833,-0.2788942488001548,-1.05443951277283,0.0
0.0,-0.16093527338687644,-0.6889882368942298,-0.9279503148150964,0.5827081825593362,0.0
0.0,1.0334551469092854,0.12223358289774627,1.778079101033753,0.6917079396018987,0.0
0.0,-0.7102349573227352,1.577950588506704,0.2829635584188741,-1.0968847006684275,0.0
0.0,-0.7643825301346846,-1.5654186079030086,-0.29946489853038755,-0.2141171951331055,0.0
0.0,-0.12919397901971721,-1.451500362013669,-0.7269935682021595,-0.5423126845812118,0.0
0.0,0.8502673363141046,0.856962243200537,1.6486170967514444,-0.6849447279212597,0.0
0.0,-1.7362962075181883,-0.29126776005677,0.16236652832468298,-0.15076333163448136,0.0
0.0,1.1414959584375712,1.4544536440546618,0.9992391377116351,2.2933948708716803,0.0
0.0,0.9074446657436428,0.4981825470630807,1.5485562352837263,-0.5295879762216356,0.0
0.0,-0.43559779112915187,0.9282360158355482,0.4658492094689421,-0.26618268061011674,0.0
0.0,0.95227385114733,-0.964954565206933,1.4969900309975217,-0.9666492533405988,0.0
0.0,-0.6014803534958311,0.35558135050382567,-0.4393268765408924,-0.16964016894018827,0.0
0.0,-0.5794475902590536,0.9019206368339295,0.993903717154623,-0.3812289799912369,0.0
0.0,0.28993963334417466,0.12485660582271055,0.45927553640474456,-0.4756669106128395,0.0
0.0,-0.12319633670057327,-0.06191261221704609,-0.3458809951055061,1.5535927118550201,0.0
0.0,-1.6191441872850472,1.0644933344377812,-1.807779438551769,0.5797496687484655,0.0
0.0,-0.752136864535519,-0.733185651530542,-0.25335363706575786,-0.5332829628390112,0.0
0.0,-0.09792300028463576,-0.14764001078947792,-0.363390892874751,-0.5457942074135916,0.0
0.0,-0.9550286509286133,0.7660105945316135,-0.4478610237820242,-0.2110833436705946,0.0
0.0,0.01640056596629088,-1.548638749144707,-0.17755657306224928,1.3060430996232466,0.0
0.0,1.2189242127609499,-0.26338600298055703,-0.3010345746241975,0.44008245866227297,0.0
0.0,-1.0261575986504032,3.0225314260175504,0.9290364499636632,0.6952126000379848,0.0
0.0,1.0079455253198333,0.781808537266589,-1.5704581675598026,0.943829085243926,0.0
0.0,-0.4409245749123395,-2.4881646411313643,-0.16216438637359143,0.5272417417687922,0.0
0.0,2.113392247809039,0.09240614690728019,0.029789428995479785,0.7834571332004611,0.0
0.0,-0.8767443713735666,0.15125908853854883,1.168051778506648,-0.825314024990646,0.0
0.0,-0.5644740221009302,-0.8921176249106101,-0.3420081158515472,0.28320378381573447,0.0
0.0,-0.8697615890615205,-0.3372535308933439,0.8043728837483581,0.6457452222938558,0.0
0.0,-0.8341735997873577,0.6817720365873708,-0.06168400200843451,0.23859413632974102,0.0
0.0,1.6686449530058929,-0.6040735863935942,-0.9141268475184897,-1.1385916450479114,0.0
0.0,1.3545593616949458,0.9616490851679427,0.36187823891431464,-0.04360559184144548,0.0
0.0,-0.9950005342750424,-0.46464970706831427,-1.0092848226633142,0.8319832943552833,0.0
0.0,0.6611503822275946,1.6764283037746814,1.598785981927864,-0.09231454578514216,0.0
0.0,1.708427370585854,0.2911603378442191,-0.3705639000015528,-0.3513362885268554,0.0
0.0,-0.9487897920485909,1.583669837717206,0.26729725181203134,2.177546417794063,0.0
0.0,0.650271829711,-0.9516100410422839,0.5071760790333966,-1.6877027672036413,0.0
0.0,-0.4577567564663053,-1.188791318911106,-0.5908897292365528,-0.8133435425043812,0.0
0.0,-0.2394260265174477,-0.4611385559211343,-1.0642575226658966,1.4164061825319383,0.0
0.0,-0.7337755802574165,0.6496254303896773,-0.8629721134738919,-1.992144495480205,0.0
0.0,0.10139949604311763,-0.2852988729666628,-0.28901711069142133,0.1723294998261282,0.0
0.0,0.32449321294917827,-0.15950133923861956,-0.46928477440207567,0.9900420139503117,0.0
0.0,-1.7049757211118026,1.900036157891663,-0.03713108561468505,-0.19687821410665643,0.0
0.0,1.177838032385392,0.141395284326477,-0.7184326058418353,0.08308554332881024,0.0
0.0,0.5481445380701049,0.04086980395742284,0.2156909515414294,-1.1592969005650848,0.0
0.0,-2.2709219959526474,-0.5093113157556742,0.1764937135477905,-0.5178101012177133,0.0
0.0,-0.49051487830888874,-1.6099770142649108,-0.7960609176338658,1.3128815315981364,0.0
0.0,-0.32139194452757874,0.3532930767926647,0.04812306695602433,0.7499283340218128,0.0
0.0,0.024176951908373722,0.17595454114604062,1.9655448237086768,1.299690105056768,0.0
0.0,-1.320062465782491,-0.8086268961509758,-0.7010163415988261,-1.15845472330148,0.0
0.0,1.0653715416274776,1.5507210178779465,-0.9947723446343938,-0.14819210145370562,0.0
0.0,-1.3094771856184493,-0.6728937426227427,-0.8380218119998616,-0.7487025586511576,0.0
0.0,0.2105635127084064,-1.845110161143857,-1.6580928472519345,1.0890537286387387,0.0
0.0,0.09233138055479262,0.48583623110543234,-0.6802826978754272,0.9818613961812713,0.0
0.0,-0.29728431377147246,-0.6137636468165141,0.5916986909136328,0.2106634063024203,0.0
0.0,-1.9119305772331348,1.9882804252919846,-0.006109992164903618,0.9925006681150024,0.0
0.0,2.2333158881008086,-0.9056282000168554,1.2809157744291324,-0.2912018966395307,0.0
0.0,0.1355689590929795,0.6076468767688794,-0.6947788340804573,-0.17140280553003898,0.0
0.0,-0.6657296627523519,0.06713940926187965,2.0627105799373666,-0.36735219341314185,0.0
0.0,0.5183630824396209,-1.4556364312289023,0.3000296078060162,-1.4637201807074298,0.0
0.0,0.3084314576139478,0.9535123049597393,-1.2201237253707444,0.821587520076228,0.0
0.0,-0.6087419050680887,2.254608093096849,1.3227631179057597,-0.7597316131425019,0.0
0.0,1.846925312747244,-0.2123670140287672,1.7991073201095216,0.31248886624116806,0.0
0.0,-0.15309100860380478,-0.9240844405451752,-0.14559872048817393,1.219135225555122,0.0
0.0,-2.2163923122245124,0.8011150220301789,1.0737157033900355,-1.2429791986582583,0.0
0.0,0.02026502914210314,1.6565818756465944,1.0323440366983159,-0.22988907821866386,0.0
0.0,0.04869527986974889,2.091750954936879,-1.9697654315506559,1.5770930691207572,0.0
0.0,0.03003263981868079,0.2564098706431766,0.2743123819568105,0.7837274054636668,0.0
0.0,2.3996173325429395,-0.4564996468736282,0.7480723607446963,1.1410759579940053,0.0
0.0,0.28217562636477134,-1.0532217697816337,0.3141713929212803,0.6434632706760786,0.0
0.0,-0.7662203588868733,-0.14106939866743168,1.2478655832930632,-0.42039223044605895,0.0
0.0,0.36317715870747846,-1.061288671398793,0.503087843793614,-0.9508908053837286,0.0
0.0,0.41055569805902403,0.9731068048829746,0.9349235728173863,-0.3491401492090136,0.0
0.0,-0.3118480208412654,-0.623903926465316,1.9250613238793692,0.0722044711538483,0.0
0.0,0.522900184395576,0.8638025477513082,-0.793662668467723,-0.21488991458022946,0.0
0.0,-1.530691832621365,0.5279664921646889,-2.3212516136440473,-0.3024306443179004,0.0
0.0,1.3606513229277761,-0.9141157410306715,-1.76283634822758,0.48598781544655933,0.0
0.0,-1.453495198134896,-0.5672488756503558,-0.8547731135633343,1.0973905090072122,0.0
0.0,1.6766489004432954,0.2069077938999515,-1.503191945198695,-0.5232269763520135,0.0
0.0,-0.10268818163743991,-1.0752246070981253,0.2396540411259994,1.1930204373682693,0.0
0.0,1.3319068761131667,1.167277101364724,0.9420234767739156,-0.6836224118184203,0.0
0.0,1.658234311837901,0.28189837107158067,-0.670513629855243,0.043282564615240424,0.0
0.0,0.8251803297976855,0.6693571190499216,0.8857865445478784,-1.2897993909944916,0.0
0.0,-0.7411365424498124,-2.8391154829905596,0.491937011069768,-0.35341579584290883,0.0
0.0,0.06865241880170139,2.1973761953135575,1.5535778101873987,-1.3926706532235762,0.0
0.0,-1.4869344956622323,-0.6182013132548043,0.3052225260474985,-1.1723752023235308,0.0
0.0,-0.3346494633242257,-1.2307799951990337,-0.8193095282320731,-1.8446725124911227,0.0
0.0,0.3250580708593845,-0.11127370814148317,-0.9349566195759796,-1.0589095052554414,0.0
0.0,1.1123164471019749,-0.031082180556147098,-0.9751197605441391,0.15725788881511582,0.0
0.0,-2.799325289532601,0.8944983279143235,-0.6424229686462651,-0.13679117143579742,0.0
0.0,-0.9254512809301337,-0.29768440891012793,0.38267767511423584,1.6432927823787171,0.0
0.0,1.2120927255047182,0.6856130410985525,0.9478290525444446,1.719417097270068,0.0
0.0,0.1093419254913236,0.47080295579935766,-0.254513515173123,-1.219808020022828,0.0
0.0,0.9219046327785322,-0.8013810262272695,1.0922146918541227,-1.7040167001037447,0.0
0.0,-1.6594912120030307,0.32748821084686963,-0.43178658480294485,0.15173108302968175,0.0
0.0,1.0479386379797826,2.6119038505835435,0.6562515984897506,-2.0441271948489046,0.0
0.0,-1.487401365894724,1.2779074854288857,-0.3375423808947074,-1.5288402928178122,0.0
0.0,0.8550175209966813,-0.14059189189692495,2.466847423988693,-0.971899037925152,0.0
0.0,0.42855175548306124,0.44521845696483736,-1.2766778500606484,-1.06049769212849,0.0
0.0,0.05248436248022864,-0.1533029037334433,-0.29553740159277,-0.3533792971831439,0.0
0.0,0.025329585351984228,-1.0195307965241622,0.955458499487353,-0.7579314897063781,0.0
0.0,1.203890658773357,-1.4205623677218961,-0.4699966074738002,0.43812432436905774,0.0
0.0,-2.0322155081426057,-0.7145132238923622,0.2961404830080264,0.6753295702644848,0.0
0.0,-1.0308938123597757,-0.06571310273960106,-0.44371708959986955,-1.2598627694907476,0.0
0.0,2.6452564538811276,1.0402332089147688,-0.12457413816978465,1.024971245289049,0.0
0.0,0.46223157132367654,1.6800254869855076,-0.6964437174718449,-1.2669073390463381,0.0
0.0,0.8305949530618715,1.105881529118666,-1.434451212734712,0.24844513631682483,0.0
0.0,0.6978198164709983,0.8374313931935644,1.225253604726842,-2.5873220536782777,0.0
0.0,-0.7196092932400194,0.5643673135062691,-0.4152127827074379,-0.06496536472059822,0.0
0.0,-1.278862482276237,-0.5173836679284172,0.9162714932372487,-1.2115597070560766,0.0
0.0,0.18604842875322586,0.7914255543779151,1.4613867169879082,1.871500595791782,0.0
0.0,0.16520004096849802,0.5202391570367733,-1.6401357919847217,-1.7826213247108327,0.0
0.0,-2.005163707545222,-0.9814174166780878,0.8023975535280267,-0.13805793673007208,0.0
0.0,0.059198507696947095,-0.23172012826607385,0.37885241796126246,0.5490152047555878,0.0
0.0,-0.09315612523103807,-0.7082954401612326,0.4339312743391563,1.6340728085107332,0.0
0.0,0.6930099443162184,0.6326225116328347,-0.34853020171685967,-0.6732217325772232,0.0
0.0,-0.1721558575121652,1.2162929604544161,-0.6293010376648539,-1.803451012109459,0.0
0.0,0.9240723644590746,1.1814804306568625,0.23547126751234027,0.616482485457615,0.0
0.0,-1.9771582603895927,0.5308232649245455,0.497180824201308,1.3837203467543084,0.0
0.0,0.6816185055298719,1.4611574476351388,-0.6933583528769386,-0.2087357388334192,0.0
0.0,0.5145666491525404,0.4731357976853667,0.5295519652973205,-1.386872212299294,0.0
0.0,-1.6154249165787948,0.4068714980132796,2.3963861179357937,-1.6630065742190785,0.0
0.0,0.44095777719729945,1.3497695369505731,-0.6792134280875053,0.8692941508817361,0.0
0.0,0.573756358290697,-0.5837940047650164,0.8963629994389319,-1.2536769152611245,0.0
0.0,-0.08019685606500122,-0.7871888873620864,0.11319850683609069,-0.13504085718294467,0.0
0.0,0.4702295797937924,0.2735780629467091,1.9924706383284974,0.19336333495729127,0.0
0.0,0.5764491578150099,-0.09900655954446277,-0.5515515239532948,-1.3524523204463414,0.0
0.0,-0.007091642001094913,-2.764082239757739,1.3754499660517998,0.4057225140706096,0.0
0.0,1.1576176769347941,0.2218915775643624,-0.4842691144978742,-0.11893831953752636,0.0
0.0,0.7022599426400967,-0.7684904718746086,1.993377729009483,0.05701995522094543,0.0
0.0,0.07447252974251266,-2.8683391530424003,0.457640872430367,1.2206130734229383,0.0
0.0,0.7237206813755658,0.1930005543216332,0.6758719927464013,-1.7124235887369617,0.0
0.0,-0.1323969890638807,-0.3939399380014886,1.40720991299962,0.2035316561391844,0.0
0.0,1.0164564513608736,-1.335242856792248,0.40185041116300496,-1.8667111444063134,0.0
0.0,0.2729930662431066,0.04909312713736543,0.3475857065252742,0.6935358669329035,0.0
0.0,0.8738956993935154,2.9833535241045404,0.22687857589284222,-0.3130178701411154,0.0
0.0,-0.44376603489221633,-0.42333838550224373,1.8143558542544744,-0.044084796607954384,0.0
0.0,-0.042589673539586044,-0.386011268863856,0.9240093880488975,0.1710295195477911,0.0
0.0,0.92234582246235,-1.2562641671989008,-0.800643309259125,0.6774576213399442,0.0
0.0,-0.5881394499108968,0.5120379589573979,0.8075917299769386,-0.39182682990687157,0.0
0.0,-0.16318595851523515,-1.2499383136751976,-1.0325061380541851,1.0543648704626891,0.0
0.0,-0.9755910372180265,0.08804004023656464,0.5544194939142257,0.010016455269558513,0.0
0.0,1.2835355704546758,-0.15096830073098624,-0.6295346218252309,0.27225591955895745,0.0
0.0,-2.002189719714843,-0.061400204448172235,0.0324590021261632,-1.1491255049720093,0.0
0.0,-1.02528865774266,0.44078635929111887,-3.8221292666790343,0.3121373527506383,0.0
0.0,0.5143028681170192,1.1881970909346344,-0.6777397699384874,-0.639775371920544,0.0
0.0,-1.8039997246183994,-0.6594185161891346,1.0008786754326588,2.66673884921223,0.0
0.0,0.08176054874432452,-1.2363466517530095,-0.25468961398894696,0.5942446710419779,0.0
0.0,-0.9148761506244137,-0.8077875805111798,0.06909755473161602,0.9896485763635766,0.0
0.0,0.1360357022768893,1.3960515222890175,-1.4876818686712852,-0.2379054498153215,0.0
0.0,-1.6624838491669067,-1.908225380467086,-0.14688968859122054,0.567941470606638,0.0
0.0,-0.19884788162128397,0.06382289332891497,-0.6467427184438697,0.9575074188022799,0.0
0.0,0.8010930770884128,-0.573131040023215,2.005683003973188,1.8951803279267274,0.0
0.0,0.9074190352478281,-1.186458476134815,-0.43545016540188913,-0.4480943394444689,0.0
0.0,-0.13936775665866302,-1.4744915823224936,1.6614467482758941,-1.1176614828394342,0.0
0.0,0.31114778844284646,-0.18570331732048642,0.45115853174091275,-1.6024600288574276,0.0
0.0,-0.8312430915246599,1.4356449288879476,1.0736598567451576,1.8190122586127113,0.0
0.0,0.8729152656054603,-0.7430661952896385,1.2908678814802788,-1.2802746437581987,0.0
0.0,0.9656459922510743,0.7633231374448594,-0.8106691876027825,0.15579751986841675,0.0
0.0,0.6420064160355131,-1.0292975567103368,0.7870717243491805,0.09533742210060156,0.0
0.0,0.7942367863716234,0.40763735034887544,1.538521989985828,-0.7999686804466901,0.0
0.0,0.5050128977186178,-0.0425775838543743,0.857926711277778,-2.110858843823605,0.0
0.0,0.8998428725945821,-0.4035988315316926,-0.4656903565663467,1.797499135850451,0.0
0.0,0.3423153849220194,-1.3650234210172845,0.9498530638399041,1.0498463481829658,0.0
0.0,0.2807317455947452,-0.06433521763188445,0.4441596665247323,1.0781238284202264,0.0
0.0,-1.3779689163216442,0.9147292780250007,-0.26567542917242903,0.2328333619278379,0.0
0.0,1.069148840525035,0.9197787663673951,-0.2092991290298766,-1.2322424959691658,0.0
0.0,-1.3664278772378322,0.9338730791351091,0.5875886164597213,1.0560801753162983,0.0
0.0,-0.5245748975131953,-1.27801314396097,-1.022239980343577,-0.14096071471194005,0.0
0.0,-0.45614483171330517,1.9439793759971362,0.6250845597536377,-0.9928692020976335,0.0
0.0,-0.14540199252215888,1.4537478607698864,2.2123652002443657,-0.7261188555112398,0.0
0.0,0.10480619646991632,-0.05381380975911539,-0.001989015707152974,-0.44523292659707836,0.0
0.0,-0.9717818825509353,-0.5350223216718657,-2.0258460047466644,-0.5943522368792159,0.0
0.0,0.4303464317734632,0.7236096446645682,0.015116765865299477,0.5008653451547177,0.0
0.0,0.5876910821426798,-1.2905685300533127,-0.0635667827636122,-0.9905163942652818,0.0
0.0,-0.029409733447578246,-0.022091685363115593,2.080905085829716,0.6006325467213771,0.0
0.0,0.36558659375425984,0.4403546242632316,-0.7057292936462383,0.13945485844790217,0.0
0.0,0.4501285309529554,0.7291508176839145,-0.9523673171787223,0.37742391298832634,0.0
0.0,-0.8160963040070719,-0.18214500739785433,1.9657095848716093,0.29027248392776017,0.0
0.0,0.5635097297535441,0.6529195554899277,-0.6377110894882958,-0.18323234089164395,0.0
0.0,-0.1660065009823881,1.0817784931447252,-2.288686055853063,2.2282894476414308,0.0
0.0,1.3230061143095597,0.9936661752804502,1.7454992509351739,-0.28962157113765946,0.0
0.0,-0.42372827180208006,0.4928590754623,-0.48494700289967574,0.8946140786954331,0.0
0.0,0.512473835483264,0.3237804763013757,0.6760160089876037,0.4007992675381992,0.0
0.0,-1.3085640702665156,0.5261161368740842,-0.7365754918431013,-0.923907342624003,0.0
0.0,-0.8054388333232628,0.3010743128996187,-1.6523025057092604,-1.29285845642592,0.0
0.0,-2.349583451766946,-2.3008939565761106,-0.5291859866888923,-1.1731888659852572,0.0
0.0,0.46123720993190437,-0.4343993071155566,0.2529497061696108,0.4122862267272493,0.0
0.0,-2.243821040254568,0.9734939928643757,0.324917782145369,0.5464022765441123,0.0
0.0,-1.2864820082772028,1.9568057222754,0.2065393999833671,-0.09137055238175684,0.0
0.0,-1.0463081515752983,0.4599160799095431,1.3341836966631504,-1.109231265390803,0.0
0.0,-1.05111089059749,0.5274892351669314,-1.1853803610551383,1.5168727429406135,0.0
0.0,0.9964912863806809,0.7882884842469291,-1.9432405027536805,-0.21228968510334495,0.0
0.0,-0.3573518409796544,1.0691620758115963,-0.3446852056090353,0.23939424248324898,0.0
0.0,-0.22362064416431837,-0.3636052229147456,1.4924651305310006,0.8561388466595178,0.0
0.0,-0.821731034247908,0.5924535353263712,0.9195487606976084,0.0653410709875241,0.0
0.0,0.07835030147069386,-0.7933150219130674,1.5316266256403426,-0.38366550178980885,0.0
0.0,0.26845563658094884,0.004336901005380992,0.3778448662103255,-0.03624445853145161,0.0
0.0,0.01081049543067091,0.3913815229429142,0.8670423489999627,-0.4154888977238763,0.0
0.0,1.5774765902135028,0.539118975056993,0.6370085200215929,0.5192917051994937,0.0
0.0,-1.4390621900632403,0.44140487478397744,-0.037121226422719276,0.43280263075077674,0.0
0.0,1.4120004706587839,-1.2574927612961215,-0.5630597483307269,0.2647008297464712,0.0
0.0,-0.6980933682782069,0.29150999289214025,2.156092129704023,2.1787639131531704,0.0
0.0,0.43319762246562266,-0.986556160886388,0.7584599901376,-0.765117126787639,0.0
0.0,-0.19526355533123058,0.5979397042881128,-0.5535039476837167,-1.1603441231563745,0.0
0.0,0.3340094849707804,1.2899213402826517,-1.8982458376459972,-2.2192635781677197,0.0
0.0,0.9446954386720775,-2.0023239317045602,0.43322719074346805,0.3390959480600598,0.0
0.0,-1.6720531633345201,0.6792050256446788,-0.315234333910962,-0.37246297542114787,0.0
0.0,-0.051234994488907344,1.3097027547572795,1.3667511662632505,-0.3253822355968858,0.0
0.0,0.9631236874408087,0.1510624044936021,-0.1257034555220539,-0.677085808374194,0.0
0.0,0.47790676239764784,-0.5731193500340327,2.035008992417177,-0.8776486946008958,0.0
0.0,-1.2897683160059508,0.48367167089713264,1.4959953738258598,0.29083067266637513,0.0
0.0,-0.8086877082061087,-0.4049207018784205,1.7106174831931822,-0.12179665117257996,0.0
0.0,0.6369530718175254,0.4501503802927291,-0.8942012968203276,-1.693877401527291,0.0
0.0,3.1961096457673372,-1.058604475990417,1.0830137641631032,-0.7816302635577059,0.0
0.0,-1.0909987819350646,-0.046377134271234625,0.5532563695758321,0.5686749085782046,0.0
0.0,0.9848750298531798,0.7683047805711751,0.7112026065633302,0.5395049833367422,0.0
0.0,-0.5715238929196893,1.1085608652448264,2.524588581576173,0.052932023906170446,0.0
0.0,0.35401181719105534,-0.14628033160237888,0.18212246549745723,1.4650749336417115,0.0
0.0,-0.6560744905606978,-0.6947700408029308,0.8258962246303242,0.645131355098318,0.0
0.0,-0.03248869786084901,-0.3361109224077295,-0.7494525432767851,0.9215975564268872,0.0
0.0,-2.282342192511585,-0.14775182344759846,-0.7381712995055751,-0.3839517434308312,0.0
0.0,-0.4940824181396236,1.5172436958565854,0.867208193064883,0.6618558132066777,0.0
0.0,1.3313314526966842,-1.5411143609608242,-0.7475333411695,-0.9013644980278969,0.0
0.0,1.5604491384528771,-0.46427615614563317,0.6076088053332297,0.2865126656585701,0.0
0.0,0.4325219942019196,-0.4253026253838141,-1.738750064647092,-0.008616447349641433,0.0
0.0,1.0480148379773426,1.7749430428429247,1.2644176952650203,-0.2088235404489693,0.0
0.0,0.32784067109298015,-0.8995364408701744,1.0918726037992528,0.9155554712428502,0.0
0.0,-0.6696212505250755,-1.870879029509694,0.013658810870994385,1.432153228249663,0.0
0.0,-1.208481709212869,-0.36572492052858285,-1.4078961172225417,-0.7251873419714184,0.0
0.0,-0.6234707365746051,0.7537642002523512,-0.2534006189243169,-1.3367125916318772,0.0
0.0,0.17941883458130578,1.3709966212300602,1.2108231008606964,0.271123537252591,0.0
0.0,-1.7213704251631947,-0.5266622531726903,0.04590898526944766,-0.5277582280901302,0.0
0.0,0.4851147066401808,-0.6647148386759949,1.2384433916965893,0.9792474111579367,0.0
0.0,-0.9257497757914683,-0.5669827923829276,-0.9114684518831747,-1.6329925616507008,0.0
0.0,0.5855625740961947,-0.5838539842008521,-0.4009466771924345,0.4120652423826077,0.0
0.0,1.0724266775338325,-0.9489435585201944,1.2043575279319132,0.7733794047908106,0.0
0.0,0.3970864457517223,1.2520537959364937,0.4609384443437008,0.5440579375403954,0.0
0.0,0.2436278949833929,0.8010211847385396,-0.4484736119111191,1.9499169583481848,0.0
0.0,-0.030312008361143054,2.1873418213438836,0.7021847679995221,-0.5204759826998989,0.0
0.0,-1.4389839165136367,1.1042074875691894,-0.36464889199190903,-0.8760085330089875,0.0
0.0,-1.8682295602007215,-0.7186235086120258,-0.5025289873857198,-0.558894088659173,0.0
0.0,-0.21607176379912282,0.952520652248791,1.2737796893655187,-1.254287214085801,0.0
0.0,1.5237488657634295,-0.5616076939774358,0.7852038668515559,-0.900054275995201,0.0
0.0,1.4186702874294241,-0.4475445257417728,0.34961689242062693,0.18697413603145088,0.0
0.0,1.032733222998966,-0.47047705043346955,-0.8834977113516345,1.2497850724362907,0.0
0.0,0.33411529209469343,-0.658308622113032,-0.7603902971795901,-1.613005872012593,0.0
0.0,0.4962661026096203,-1.1961830407934149,-1.0728992740399115,-0.5276151258536844,0.0
0.0,0.1220751134697969,-0.07259518129948656,-0.49850464394595606,-1.2763159774624675,0.0
0.0,1.3809629209651515,-1.0675866571061692,-0.6414871551103704,-1.077351196306581,0.0
0.0,0.4314406295398655,-1.775525383339893,0.39085027360883157,-0.2205649370244488,0.0
0.0,0.9928073835896198,2.0968437402680262,-0.12119570596381603,-0.6811031576248593,0.0
0.0,-0.6278837511543732,-0.45836984254068,-1.35583465366298,0.6051714773627136,0.0
0.0,-0.3469502942480406,-0.2453133388227821,0.8742091770016075,1.0613987384680745,0.0
0.0,-0.4497577654588484,-0.4317815887669539,-1.0369266635012648,1.556223647833128,0.0
0.0,0.8494223330305521,-0.1414222425200175,-1.1283252423559855,-0.40541882898724413,0.0
0.0,0.8988723967102852,0.0774225688533064,1.260940098685659,-0.3961606855323936,0.0
0.0,1.934037985106111,0.3821908998258209,1.2782890381863297,0.3320889444185656,0.0
0.0,0.9201605363546842,0.45190615541916923,-1.726859881654324,0.4312592502812962,0.0
0.0,-0.21580142787244336,-0.7812864841901513,-0.5041946855318152,0.25645116518070515,0.0
0.0,0.14620483811682242,1.687304938114325,-1.27490217047673,0.6610073472972708,0.0
0.0,-0.8424581617619882,1.468764931507918,1.1171864911135478,-1.5984725587332533,0.0
0.0,0.41099263953657705,0.9333324858745172,-0.6660210535889822,0.016484147021043675,0.0
0.0,0.1615279028927697,-1.097762283877984,-0.8607821582836999,-1.5399801803035715,0.0
0.0,0.1505593617743695,0.7327347785723046,-0.8588314904087555,-0.6300540852325446,0.0
0.0,-0.4295650351742041,0.6755737658999493,2.21215913253001,-1.6691618965914734,0.0
0.0,-0.30264547073743053,1.854314319638745,0.5108732643315126,1.3883583531448038,0.0
0.0,0.49150515417498497,-0.6825917743075313,0.7422135542323706,0.07853397148320036,0.0
0.0,0.3251252773573487,-2.11474191529189,0.8831569243105767,0.7390931996616062,0.0
0.0,-1.1205305337025193,-0.8024739834268841,-0.6886422825364404,1.6088383917400713,0.0
0.0,-0.26253029105064213,1.045355588658882,1.0008784918129492,0.9366931540303685,0.0
0.0,-1.0030440321376464,-0.8710914124733703,0.4801080898463424,-0.09318683248171482,0.0
0.0,-0.7861452687271284,-1.1796788035644827,-0.2550289572078591,0.04760199326109312,0.0
0.0,-0.6436678454295685,-0.8375573389682454,-0.7347018706996428,-1.6085762670218704,0.0
0.0,0.8631796774221132,0.16541644130197736,-0.2186788588291731,1.4186480565512734,0.0
0.0,-0.19476175254339448,0.24055870002743698,-0.047050036556723115,0.5192869971199444,0.0
0.0,1.4386231122419058,0.2986449693096258,-0.8214036338181515,0.1336932160713093,0.0
0.0,0.9592285248816792,-0.23575750788466646,1.2805189752410568,-0.529131617884113,0.0
0.0,0.868166502979789,-0.0005692334220569944,-0.49013250012387466,0.054094751080538545,0.0
0.0,-1.9913382283931764,0.5695462669919323,-0.4108698028152295,0.8088079550047611,0.0
0.0,0.8467986345190004,1.322510189057241,0.7579790203815414,0.21824128042888602,0.0
0.0,0.2462854444802837,0.7077639948759865,-0.2717125204901996,-1.102259691714702,0.0
0.0,0.5567134053059575,-0.8060991239411396,0.6317606074442131,-1.4730471783990442,0.0
0.0,-0.2629227722378614,-0.6636326768651751,-1.0121952475051772,-0.42590005998881797,0.0
0.0,-0.07809311700306712,-0.5128630749965581,1.5861478799451998,-2.326676383842489,0.0
0.0,0.9721111680954833,1.2882398373470167,-0.14266802612091034,-0.544450516462015,0.0
0.0,0.18413131582660108,0.3194351537411356,-1.7510569305047583,-0.2077851723427305,0.0
0.0,0.4027243959012495,0.5296700055120938,1.425132246914565,0.19501192054647404,0.0
0.0,-1.4745577332940771,1.837385155248715,0.1306474597286845,0.4250287959271393,0.0
0.0,1.3240789133751931,-0.5689654983434851,0.28778318522854746,0.5213097871821372,0.0
0.0,1.8581829905642147,-0.15208674681801237,1.4520687312288305,-0.32115259789117434,0.0
0.0,-1.1772453657071047,0.01172602658508769,-0.31847938659443475,1.1395206452167144,0.0
0.0,-0.30091273783567113,0.34028420106672147,2.590608204832367,-0.9116431387678235,0.0
0.0,0.4223787594241342,-1.0259387720744744,1.2872004532997694,-0.1821234061781513,0.0
0.0,-0.028370602044219602,1.0447118797933086,-0.4269808518096809,0.5974691932246587,0.0
0.0,-0.1920127103398196,0.08839047672018098,1.0140902314990665,1.236636772408256,0.0
0.0,0.23122648005610175,-0.2431772360358956,0.051601647124008554,-0.18912955398765588,0.0
0.0,0.8066452558920923,-1.585767574019856,1.283456313949612,-0.202587843306694,0.0
0.0,0.2715275953621235,0.37923103209333375,0.846827216193158,0.6108485293824604,0.0
0.0,0.3033331247149257,-0.3399926771228593,0.5474790494974068,-0.9731381826111265,0.0
0.0,-0.07696461244445638,-0.24984013417028034,-1.8688376862943201,0.3832865560215813,0.0
0.0,-0.36862523450349394,0.35627990548447874,0.7989064151066799,0.08509088015725223,0.0
0.0,0.635727051739238,0.2659639956454027,0.7048671489310508,-0.07171918005262065,0.0
0.0,0.7325064153012745,0.07016395517593779,-0.3241434627965614,-2.4150089900587166,0.0
0.0,-1.2576796960201482,0.9920059986949289,-0.6850861696055787,1.4462296332209301,0.0
0.0,0.7383479776326609,1.242604274633069,-0.12016162112697505,-1.272123237144274,0.0
0.0,-0.7002516321952784,1.3301869697940225,0.4855885060620281,-1.1950401781671378,0.0
0.0,-0.4380250780153187,-0.029738357777925637,-0.841413069104258,1.1378649163633656,0.0
0.0,0.1569503127441325,0.5447986731009051,1.2802132331678657,-1.2478613294097078,0.0
0.0,0.17488531125348247,0.3540170245702723,1.0060040322404034,-0.1323975316019519,0.0
0.0,0.4142220689744315,0.3462693720736761,-1.3552262830592923,0.6066416609994113,0.0
0.0,1.238036524683725,-1.677404380834735,1.4807417144620016,0.8743911490290169,0.0
0.0,0.4828242688547352,-0.14647204499694513,0.4270279783414458,-0.8401617301849794,0.0
0.0,-1.008357617144647,-1.5824156042510018,-1.1791902004716532,-0.1363669455854688,0.0
0.0,-1.4085777875862777,0.4605906719325654,-2.2675588348371853,0.4471175096266713,0.0
0.0,1.6252003941401905,0.7115155763329211,0.19992462356400797,1.2946022967772846,0.0
0.0,-2.865999226768496,-0.5352068868577432,-1.4687678444650516,1.9072528557222783,0.0
0.0,-1.92402419412179,-1.3093725297025287,-0.5779683060311177,2.8302355417133156,0.0
0.0,-0.6586343379307492,0.20527177141117245,1.0429338122195124,-0.025781333030064642,0.0
0.0,0.5026893150813371,-0.19721707522915657,-0.847550110012647,-0.3601306382518446,0.0
0.0,-0.34696022541727706,1.5025563525885077,-1.113600533719483,-0.5394411338242234,0.0
0.0,1.8817374910002107,0.12028034463461805,-0.012193942708426213,1.6751574945256897,0.0
0.0,-0.5742755287208622,-0.28031104682096364,0.30986070801983967,0.15706605624095485,0.0
0.0,1.0726796174867181,0.8200795104187227,0.7761940014792983,-0.732228686328539,0.0
0.0,-0.46279988150216406,-0.8802586633649416,-1.1479430384606961,0.08083790962499963,0.0
0.0,2.9009002936544066,1.7533812925131615,0.7368317404303448,1.339326112505537,0.0
0.0,1.4713896800928152,0.08594071368180144,0.561657877531301,-1.4463216601006634,0.0
0.0,-0.744965542408935,0.4617016945071087,-0.297427364595545,2.22525403921919,0.0
0.0,-0.22262002491213773,0.5021548045245422,-0.09848640687860885,0.5640030230854214,0.0
0.0,0.6634646936474003,2.5623823084671065,0.31042654706182865,0.8636727268114469,0.0
0.0,-1.2592551286973843,-0.06106263241069661,0.5415067138272832,2.464688133697801,0.0
0.0,-0.6153315577060355,-0.804327130437843,0.33082075158609126,1.0465860667539233,0.0
0.0,-0.013608395214466044,0.26686983120223934,0.6973298470352338,0.22125215230469147,0.0
0.0,0.5957332374535057,0.6692089903876928,1.3481872399710828,-0.24349222403338283,0.0
0.0,-1.4258898091197147,-1.5555006679160008,-0.37504076200990577,1.138614047591547,0.0
0.0,1.8460997382966,0.6129348351511351,-0.7183919015695777,0.671055075057397,0.0
0.0,0.16927256966300738,0.23890389448106897,-0.6783262901532209,-0.2055858000046643,0.0
0.0,-0.17649175906542933,0.8865280259078718,0.005225506241125556,0.01201501691102157,0.0
0.0,0.01520810187187152,-0.2437965553419292,-1.7227821931249916,1.1079554613835874,0.0
0.0,-0.6031549297549416,0.035378710382959595,-2.107671651771845,-0.07429779138006375,0.0
0.0,-0.015876094288557737,-0.18429518253371086,-1.4314672492013365,0.39322876259592127,0.0
0.0,-0.7410739463950909,-0.3821960010192945,1.0892826479251687,0.4600355708033645,0.0
0.0,-2.363839446720286,-1.073695122819731,1.1326888758644698,-0.8824966256740662,0.0
0.0,-0.27161747660641894,0.3521223791435018,-1.2686540295857005,-0.8625126806945063,0.0
0.0,-0.9637859596533027,0.10129106547575513,-0.7702863214984838,-0.556756665597131,0.0
0.0,1.2157103374620941,0.24971288084446305,-1.7576636909726278,0.622804201992865,0.0
0.0,0.6403168678977127,0.3392624490828435,-1.0255832334316253,3.579532387682456,0.0
0.0,-1.3947510517551411,-1.265805536067371,1.615185979292583,0.1562176744766213,0.0
0.0,1.290883293264651,0.7406763620457598,0.5898566299456109,-0.6093351304288932,0.0
0.0,-0.36296357459382617,0.9658657929680049,-0.7652436783529799,0.7223127488952057,0.0
0.0,0.2486955710733054,0.37588733931264384,0.7599435127344553,1.6408022534043576,0.0
0.0,-0.3773528820077022,0.6988853193175935,0.3993905067318158,-0.44595106396863204,0.0
0.0,0.544898232543667,0.7045542421784775,-0.6995040414864819,1.2428345970971293,0.0
0.0,-0.2592976253645521,-0.5885582763595184,0.7160311013558962,0.25317343471098575,0.0
0.0,0.08736458454842372,0.0068745791839235505,0.8573289656560125,0.5262021517965482,0.0
0.0,-0.9084977947911499,0.19157304008490414,0.8261976255421928,-0.27947436658465175,0.0
0.0,0.2285523690313741,-0.18308410926148055,-0.48706215126084756,-0.4519435779098524,0.0
0.0,-0.1335361902036601,0.17958600892437432,-0.16523910744061276,0.8808088399574706,0.0
0.0,0.9269913382273782,-0.24650487331710297,1.199173126818879,-0.2327415294894335,0.0
0.0,-1.4643207962837412,0.5535959160131998,-0.6576194464650199,-1.668805408846336,0.0
0.0,0.5229984504035822,1.0954437400387773,-0.004807799789861481,0.20007267587123395,0.0
0.0,-0.37568116655396344,-0.599195720091739,0.12005135276987818,-2.350370299897184,0.0
0.0,-0.33769000236824653,-1.3702078624023717,0.17126043694432289,-1.1509735842744495,0.0
0.0,0.22731565304722748,-0.8393672687033712,-1.1527086118270606,-0.1078662000896069,0.0
0.0,0.4161376814684896,-1.5689365939335451,-1.0179253882074857,0.33612937195686776,0.0
0.0,-1.719741175067793,-0.7616560484848384,-0.003400013024850198,1.9298717759779227,0.0
0.0,0.10005317925936943,0.10552393643248452,1.0313393129841475,-0.3733149420296251,0.0
0.0,1.719311166427426,0.5590926454462128,1.2657603469002985,-0.5328103963762431,0.0
0.0,1.2350952825013461,-1.8852662321090217,1.4475856213847966,1.1980863022125698,0.0
0.0,-0.1682198610993637,-0.6944718559708449,-0.08430420075189793,-0.659241125343617,0.0
0.0,-0.5623556754349084,0.9678227895508371,-0.7366535053011743,-1.6042209327314525,0.0
0.0,0.8429957666745997,-1.3834598346208256,0.2899106272273008,-0.9936070597030333,0.0
0.0,-1.10997032170647,-0.36119459102349094,-1.0571234833904815,2.8698481889418948,0.0
0.0,0.8015946565466551,0.7583796484623996,-0.10859526295213691,0.03524521124221682,0.0
0.0,1.657336431670684,-0.6893236803089825,0.2079005170364101,0.3230804655944126,0.0
0.0,1.740330803381421,-2.177187517074662,1.2010147803013045,-0.7589428876963621,0.0
0.0,0.8531591801000887,0.6977497768909796,1.1524220245176369,-0.3404820320256973,0.0
0.0,-0.2985383491433398,0.16150373701455562,-0.0873608346015097,0.07225083750386652,0.0
0.0,-1.7014560644238952,-0.7818954769745451,-0.5171445169565156,-0.310276640240047,0.0
0.0,-2.5035918779603143,0.13523219420991694,-1.877829294904698,-0.9812697044457868,0.0
0.0,0.9611202770110826,0.2730705595291008,0.9144654949597888,-0.6939384403624544,0.0
0.0,0.8369824179100677,0.18781230619566888,0.7010984890520363,-0.4124502500311497,0.0
0.0,-0.5362397298847053,-0.4315582527744848,1.1251474134268504,-1.5786614330329511,0.0
0.0,-0.7719420732340981,-0.17357525426534634,1.5562022886917786,0.9131249466072094,0.0
0.0,-0.05257721945608391,1.7832831539894274,1.5489658726423878,0.7013887721068854,0.0
0.0,-2.8427798462214673,1.276565045895226,-0.03756319216729385,0.46433600441919454,0.0
0.0,-0.5369953915081188,0.6068097816954203,-0.39114643299615237,0.02195499132136814,0.0
0.0,-0.14463511754059633,-0.506574580159297,-0.3280916550817023,2.234631833080398,0.0
0.0,-0.44136697928589047,1.5859276992003732,-0.9389165794984061,1.9876574522257187,0.0
0.0,-0.730078626231688,-0.3555635331365202,1.9080015434587374,-1.646953694708263,0.0
0.0,-0.04379748328220318,-0.921436284453164,-0.3669987640123847,-0.680457811309446,0.0
0.0,-0.7321983886300443,-0.24948115730046402,-0.6836709060545768,-0.5245173232869591,0.0
0.0,0.9542559547154226,1.8149252006954382,-0.5125619411115416,0.34541055195608156,0.0
0.0,-0.29363930965403334,-1.4131419915028742,-0.6778091169789866,0.007691748972895725,0.0
0.0,-1.1736106175410643,0.6212797299818382,-0.2992810635750632,2.0501074484355084,0.0
0.0,1.2056964705786786,1.6290457447175593,-0.647255099187875,-0.39665181145669365,0.0
0.0,-1.8228908523309884,0.005010905669508751,-0.6441834944311707,-1.6234617080582876,0.0
0.0,0.8957257596875712,2.065021752273842,-0.7094632768466174,-0.02851781322971516,0.0
0.0,0.062023973012200855,-0.20980771149965466,-0.32829538012356957,-1.9252336562303554,0.0
0.0,2.003841725555643,0.4926612694836575,-0.7736340098561166,0.5142006859650553,0.0
0.0,0.6250922040061033,0.6806853194313589,0.8543631828646945,0.5107886937829621,0.0
0.0,-0.43804525464888777,-1.9318718253375726,-1.707990957856073,-0.9419555223618621,0.0
0.0,1.0163692294223807,-0.7778564207801655,0.137890538728548,-0.5230035400599101,0.0
0.0,1.2268969020219918,-0.2568154640287594,-0.25497247312274884,-0.7328344134361952,0.0
0.0,0.4286865397816455,0.861783382429569,1.781493047172486,-1.5442544425013784,0.0
0.0,0.21553772853797118,0.5760205880194967,0.27508555041163746,-1.16164075540164,0.0
0.0,0.8618730956111575,-0.08864696922618306,2.2934096912446207,1.1788793356890708,0.0
0.0,-0.5592063320972241,-0.5317177807557879,0.388788360577824,0.7137983493431401,0.0
0.0,0.03909733748796132,0.4398862732390707,-1.1683842971868,-0.01287828152196235,0.0
0.0,0.28824553521973795,-0.9509437846529799,-0.5940205169105994,0.9286626989317961,0.0
0.0,-1.9362101903860076,-1.0191499213640227,-2.2062735433073057,-0.6886107635478272,0.0
0.0,-0.7291057732142004,1.2786177792606614,0.4523237978745325,0.24150706915624023,0.0
0.0,0.004041471619622805,-0.2957242067833723,1.7450769058731037,1.0679286946280115,0.0
0.0,0.502966499308438,1.1107686422916496,-0.9630954913580836,-1.0689300282702188,0.0
0.0,0.5098959453492001,-1.045269341303335,-0.8314483476547828,-0.5966389998382008,0.0
0.0,-0.8211856629396808,-0.43412198390176815,-1.1235200282499718,-0.23720700838037276,0.0
0.0,-0.460669893637472,0.3029526068433906,0.5133089439224326,-2.8548798197495384,0.0
0.0,-0.599662485398509,-1.4766430181809997,-0.9010744355612341,0.6340616386819444,0.0
0.0,0.6252494061183514,-0.9181188099350098,0.3508514106137808,3.024705350376092,0.0
0.0,0.29508131050180225,-0.47469802514836923,-0.359346803521769,-0.5007874969335356,0.0
0.0,-1.1577366509745983,-1.5568965398300332,0.5040450749292467,0.13756889143064321,0.0
0.0,0.6950113397996923,0.5202933356458646,0.11426878482969603,-0.04064127389933065,0.0
0.0,-0.5954770738237499,-0.8430785514776997,-0.19494145219237993,-1.4341306024673401,0.0
0.0,-0.8138463915136768,2.505673783734323,-0.3256684727970136,-0.5769544855938162,0.0
0.0,0.7495242234931749,-0.5851272096531845,0.7033586312571031,-0.015946805915753426,0.0
0.0,0.3765089883129175,-0.89329101496658,-0.17745409064732387,0.6427870800526806,0.0
0.0,0.23638683865718782,1.7681919368364947,1.438312390248461,-1.7477951085771801,0.0
0.0,-1.9008251016814415,2.1061892320101707,0.7112573879033753,1.4230833995109866,0.0
0.0,-2.046177059286725,-0.3274464873636568,0.5973705382311433,-0.31728100052911,0.0
0.0,1.4267666102293284,0.47430916844106336,0.17072163510475316,-0.7548626018742806,0.0
0.0,-0.02670204569961078,-0.9804428623191634,1.0276752249483865,-1.5146814897286156,0.0
0.0,0.09986829440520142,-0.8450319819990679,1.2096223173714744,0.11722958567280398,0.0
0.0,1.6482795461258886,-0.023707133612567936,-0.3878059017927362,1.727530474342485,0.0
0.0,1.6851089600022306,-0.6275843508393107,0.01744392084731673,0.06954363008207926,0.0
0.0,0.7228621097125192,-0.18785853637581312,-0.8660307344983237,1.1742220341544112,0.0
0.0,-0.26020453912468966,0.4890730546598032,0.42081754140527305,1.5645460263999593,0.0
0.0,1.3206316437601977,-0.2964368481762579,0.6849973735846798,-0.24252465433024603,0.0
0.0,-0.026417931917721384,-1.7188894254373224,0.6189702443556366,-2.252559993566925,0.0
0.0,0.5420940017627909,1.1041808486440527,-0.6728221243688917,-0.9715205348048558,0.0
0.0,0.5113074282227111,-0.42850704640389403,0.519781398089187,1.8209494477469006,0.0
0.0,1.2464072403790332,-0.40651132343330465,1.471296235437372,-0.6201811264218412,0.0
0.0,-0.13617652100059902,0.9047571771024212,1.0405007298026772,0.6858909768356121,0.0
0.0,0.455932685812181,0.271467867189631,0.047168312928545224,-0.24075857504502235,0.0
0.0,0.3954803697640854,-0.6225858817731974,-0.7109771813234352,2.459697142731296,0.0
0.0,2.0290334257061233,1.5328952896435009,1.7327544910594193,-0.11468874386510705,0.0
0.0,0.6817808299578922,-0.4333687504330158,-1.028382668905475,-0.8358292818287129,0.0
0.0,-1.9488811558939003,1.7806108327505166,-0.9634491660264806,-0.24246855483169055,0.0
0.0,-0.8959046323669903,1.6509179940635814,-0.388940700301147,-1.2253610868635827,0.0
0.0,1.0303742435974332,-2.031259697588291,0.9130241898774412,-0.39314487426293615,0.0
0.0,0.5611131119443139,-0.5657701161369058,0.45084430108770024,0.9411872263877176,0.0
0.0,0.9346751689388128,1.3089592025814505,-0.5766179480039074,0.8325217517275431,0.0
0.0,1.7145226630180512,-1.1342849938091497,1.028698580623257,0.05479287205289529,0.0
0.0,0.4964686848856772,-0.5818959026930356,0.02994215369811094,-1.9381824744338643,0.0
0.0,0.3702355921069491,-0.8258478777080503,-0.9596339802278223,0.8066501413873317,0.0
0.0,-0.26347661201306294,-1.7601550209165115,2.016884419059737,1.2021547765432639,0.0
0.0,-1.5509043415495334,-1.3966097492246847,-1.9223063911831306,-0.3368955367310538,0.0
0.0,-0.14706610892589714,0.41990725385327254,-1.129212512554532,-0.6627174201638121,0.0
0.0,1.4457724129835392,-0.2103235725514545,-0.02240217536343504,-0.8945084694904988,0.0
0.0,0.25125035475714663,-0.6820444713291784,-1.4792940767743383,-1.6365281613156168,0.0
0.0,-0.034176549100977095,-2.10592850877246,-1.5138351932750602,-0.046505568377140157,0.0
0.0,1.1211694728002433,-1.010279928467142,0.864241922061272,-0.17755742940347585,0.0
0.0,0.17140446672267853,-0.6804725704785763,-0.659574613996086,-0.14815151962183834,0.0
0.0,1.1601740693449882,-1.3903365798721492,-1.0795222468780898,-0.6411891773398587,0.0
0.0,1.123921537574869,-0.44862729786460676,-0.14846055894907415,-0.8088758307069565,0.0
0.0,0.6642028691237911,0.754105078823323,-0.044952559884655796,0.20820577793568715,0.0
0.0,2.1837140473749876,-1.5357482411434555,-0.5066875018240597,-0.3495114410109911,0.0
0.0,1.4102516545077721,-1.0059882233125967,-0.23214119002732475,0.4345887128438423,0.0
0.0,-1.5181512074367165,-0.3928364785751546,-0.9531030729502676,1.9995038994559609,0.0
0.0,-0.5777897417540352,0.10971896556725731,-1.3797582078610775,0.8446959328475339,0.0
0.0,-1.9789792076396713,-0.8364685322945579,0.2438050255894471,-0.2648400884294939,0.0
0.0,-0.44424647360441605,-1.0853866473134433,1.0075989161154413,-0.4795156907826337,0.0
0.0,0.9583833182093098,-0.6849206542516039,0.70174360667283,0.37012130344333277,0.0
0.0,0.19311220869431978,0.632573098087167,0.8259004556712539,0.8541345735930949,0.0
0.0,0.6304236200909928,-0.3007269215532666,0.05533480953220688,1.9902389117042514,0.0
0.0,0.16248193232903463,0.5783433956817371,-1.0511774505071325,0.7901535306194993,0.0
0.0,0.41632288435103454,0.4394490542615592,0.604840463626252,-0.9522677509978419,0.0
0.0,1.8385112930507583,0.020268803450311353,1.3106800881729184,-0.8712003558090418,0.0
0.0,0.3610030779862354,0.1253943831606709,-0.24671600721926867,1.8277577201209632,0.0
0.0,-0.11794395737643332,-0.7019578157059491,-0.10292787434500356,0.619331824842286,0.0
0.0,-0.8045490733432978,-1.0520808049115045,-0.4406608153070489,-0.05628633207488314,0.0
0.0,-0.9646277312338649,-0.4084873648095413,-1.2542768041452035,1.1701581218637949,0.0
0.0,-1.413701811928323,0.8538853311446337,0.5832092977214419,1.1848725426598554,0.0
0.0,1.1291813082970894,-0.4967364240984189,-0.31276841403536276,0.7011718139195006,0.0
0.0,0.2251755155491761,-0.10618998836268961,0.09691950015258882,-0.8185796653201635,0.0
0.0,1.6784932204260394,-0.9310346892559668,0.9769070879721644,-0.01600317211694222,0.0
0.0,2.0681987228826966,0.28467560125057795,-0.567098193137917,-2.431797395578415,0.0
0.0,1.7274034961990776,0.21004366134689284,-0.33774962043407386,1.1665843676558885,0.0
0.0,-1.097390323107511,1.8242217009687418,1.6728450239592456,1.6652457976867,0.0
0.0,-1.0122702632956013,1.6103889473067126,-1.0088701128218254,-0.8390010599250723,0.0
0.0,1.2290453352301365,-0.7805863866344724,-0.46949085072635394,1.2611057543664606,0.0
0.0,-0.33316636709719516,1.6938322906594963,0.2441874827315712,0.004488703847968274,0.0
0.0,-0.04989212486828159,0.17283692304528947,0.8833604451967846,-0.529707184750125,0.0
0.0,-0.5552857793873507,-1.2130595299597502,-0.8622776518049957,0.08756566657757692,0.0
0.0,-1.382215167246519,-1.0857220399210403,-0.2565866923176912,-0.8804512583212423,0.0
0.0,0.7062141242040161,0.6420046450734862,0.8322874630967702,1.0420418245443812,0.0
0.0,-0.24398965341787354,-0.14034728843473906,0.4464710447381953,-1.0478715063639104,0.0
0.0,0.8505165893315847,-0.4435651620888533,-0.5185212232598914,-0.8635927793218561,0.0
0.0,0.7346150674265184,0.3339997434933182,-1.2317269599188454,0.8412686888555876,0.0
0.0,-0.2372546903536197,-1.9947320872585912,1.65516449727065,-0.33485436906410254,0.0
0.0,-0.16935652246651828,-0.5519727209783094,-1.5701021738356404,0.10222443316575465,0.0
0.0,0.05510463369888119,-0.7291178343771266,0.16730310625171133,0.14603162918344764,0.0
0.0,-0.678979361829983,-1.3233676888553623,0.34563137069435024,-1.5564169112087505,0.0
0.0,-0.9072043948601474,-0.6410984238202551,-0.847336181234303,0.33296914152335777,0.0
0.0,2.278800643015106,1.1839366741424542,1.1654774420434126,-0.7650057889495159,0.0
0.0,-0.8330182937798606,0.7067975177210472,0.8381388185467048,-1.3390331191222238,0.0
0.0,-1.6864905279123026,-0.12591686831583002,1.450701623664995,-0.9004841272984498,0.0
0.0,0.5574353797855062,0.9164948867108493,-0.8041459261730031,0.6139319139011683,0.0
0.0,-0.3082595559462088,1.0272234627215981,-0.4552992433389963,-1.8446580021134118,0.0
0.0,-2.388577505446226,0.7257396182127033,-0.3653999521149947,1.5816418497253038,0.0
