x,p
0.9174331927451934,0.9671106590671773
-0.14945834241107295,0.4652257383253884
0.3189379268623019,0.4405681843479921
0.4356174025362909,-1.3911932779036618
0.13125763650919423,0.4246570494799329
1.486804027090458,-1.7475448398005913
0.7102890263915985,-1.1115426414236629
-0.35657221723157534,1.2212137198613584
0.09524104571453856,-0.7862415060096478
0.11935774542680001,0.7403990922024433
0.5461218470657754,0.19303537173100038
-0.9092738349306285,1.7523763128693848
-0.4076155456065344,0.7535345650464683
-1.8801629495775654,-0.9264700167430104
-1.1888433621302843,1.109872145433092
0.19118638562504345,-0.9133808063914318
1.9308035826998962,0.4901408777820702
2.5390687998150607,0.8852002146363166
0.475066155810965,0.9580333654709737
-0.997103825503317,-1.4669860186690478
0.17647804121692293,-0.2219676678974715
0.5323135094982459,0.5092149087459154
-0.31967187808667274,0.6899882902968762
-0.9652522325557907,1.0094132967154084
-0.32234144099942125,0.8383569998029712
-0.0012498975091934925,-1.830081730413799
-0.15750198668554458,-0.7894505607790381
0.607104729245187,-1.4845884311186233
-0.8106301577730249,1.2661006362740463
-0.1727235408390312,-1.3533619075915493
-0.8426885870516905,-0.018300866998950966
0.2711460834525963,-0.6990722856847551
-2.154511593598006,-0.5189161128651458
-0.30023279387903495,-0.9584491049718097
0.8691326646369343,1.579723030887831
-0.4378651249775014,1.2708563257233998
0.18651491955144137,-0.6051909204895665
0.4552333502000172,1.3848590571098487
1.5438208722422095,0.07546994040102978
-0.8995921404024334,-0.5480944481450517
1.4904428356944872,1.4217879796630133
1.0495794287018414,-0.5384921819074296
0.17846984748306888,1.052127986990999
1.174221711237118,0.41291289135959336
-1.1065015906048656,-1.1287066683773965
-0.6291365857608091,-0.7618679964263259
0.9859300766733821,-0.12073659769652016
-0.5679372251947074,-2.276988630590687
-0.33991429635087034,0.6196503413987801
-0.49906334049773454,1.1852230974671045
0.792733138394961,2.2830563637602705
-0.5690109215903948,-0.9108655893075138
-0.5756918056345209,-0.36217325986087595
-1.8735181914449106,0.1256769183571483
-0.658903053023089,0.06600436942716024
2.489504998794536,-1.4159858596344057
0.8439067563260605,0.6591429555129257
0.21242893546465078,0.44346873105923407
1.558558355231302,0.0908312996954115
-0.6214291846826552,1.5670664688073366
1.0973645339055385,-0.7856353321593247
1.667898922129747,0.5709212436279828
0.7261156740129641,0.027248043496773715
-0.2824527430539218,-0.40942073262128104
1.09795395424632,-0.2722260737327382
-1.8734541193782064,-0.24971932784767048
1.5281803127806453,-0.7398036392016634
1.605167009810294,-0.13504389872063252
-0.9134499794369719,-2.6568109683688927
-0.05015957603843157,0.2788881359871609
1.532738463704896,1.6711443921028646
0.23428843118161535,-0.5578343635698992
-0.4687133478099473,0.6295110782210694
-0.7009516306851641,0.1532601911991333
-1.5148195301191503,-0.10507176392276676
-0.03613963752739446,-1.8557692973870574
-0.9870405480359659,0.19693555488896405
1.3075061974727833,-0.5558299040762696
0.9941913536211677,-1.2337959728570675
-0.3957221765636578,-0.04442577002472216
-0.008379731696879706,-0.5511968875653522
0.2694751524990615,-0.24997294926346333
-0.13164577958604703,0.037035329237663006
0.6991807402529907,-0.07523286584186309
0.3791143560541316,0.4417062550354284
1.0245014276922637,-0.14244168022541306
-0.03051541843400035,1.106495659103408
1.211886958494884,0.13928987934254206
0.13139301230289693,0.8288499573167617
-0.5866060282641146,-0.08430587338728449
-2.3330245254151167,0.535649409251549
-0.15048009608194685,-0.11433996458522147
-0.11178486895437778,0.40151213611344205
0.35804071324162334,-0.24595747756137465
2.0209309723416733,0.16398179302317986
0.5558777543994065,-0.3884997836182686
-0.8773207077110755,-1.7296590689586762
-0.5497269050532727,0.4886667400085868
0.4359986565575027,-0.7974724873858776
0.8912775804618296,-2.0094479065114164
0.08175803230235235,1.2576646534337248
-0.20776950148007728,-1.9672282127611433
-0.5577381429041712,-0.07896882852604342
-0.2879652439382804,-1.2554914233596617
1.560597191361009,0.7690997874340926
-0.018465380573634334,-1.8103361067234114
-0.824528940421826,-1.2691613257336336
-1.552854342592889,-0.5546065191492413
-0.262076896972263,-0.3982092127709959
1.1192681081460332,0.7907588089804958
-0.05911467023106349,0.12211345211095427
0.07847780369091938,-0.7673988906752732
-0.18237858424850828,-1.3551286920795882
-0.3887737672726298,0.8037988983622611
0.3970808889149443,0.7434868987548119
-0.9918092267329449,-0.3272327959930461
-1.3434756457295058,0.31268690285846007
0.6671114794022899,0.10030860437173034
-0.1471666927120622,-0.44143850778718285
-1.6656843850318017,-0.2981256522073806
0.5637667086164974,0.1516124630716391
-1.3681932205651486,-0.9450561273042607
0.23842310453648585,0.37729927049610446
0.8327836565744104,0.8739858068329166
1.0724374559205503,-0.5519544955806388
1.6868781164371358,1.2154504579066647
-0.18315381657448626,0.8003689952181553
1.9512363962548647,0.7188141521658441
0.39429677887351905,-2.584547708921538
-0.8159042639721055,0.24366690801584226
0.25370950802806086,-1.3603463486623701
-1.631367755419653,-1.1705198084999633
0.5820384937363361,0.34887977868863534
1.6633041539353293,1.4563897785725846
0.4834974780563605,0.5584019955410906
-0.7003360180846598,0.34130513805356083
-0.7474766457220877,0.9920883017097814
-0.8225548574855474,-1.120664613503652
-1.799380191792521,-2.1075387436239867
0.08535239483312106,-1.2057514554474824
2.444445563906148,0.022791928197059594
0.9654407367392926,2.583146819231687
0.3957377309701321,1.1188373440741852
0.7419584709923349,1.3421501156709783
-0.9310715699146439,-1.0571281937597568
0.5257179280729051,-0.9072869053932333
-3.6671023531050757,0.20555134868032635
-0.80772913417601,-0.3910337253272601
-0.12503425972063156,-0.6753537887456385
0.7367573719248257,1.1758777444413924
-0.7209709773125458,-0.12155882256646801
-0.03739610997949403,-0.8092177518727384
1.5429517680319658,1.0845985073943882
0.5795469116590068,0.8376274318387749
-0.6408039118067697,1.2733089270159565
0.09367224908434937,-0.43696595066472327
-0.4799644891971461,1.7919607070675394
0.9670942545041185,1.290258261263992
-0.15751527614782965,0.4141756586276574
-0.03646258970956168,1.5509594719655808
-0.010463610631189302,0.9617235299422221
-1.178927727095127,0.7365422240391395
0.20023495069430297,-1.1851837387418356
1.8123737955747028,-0.8091338922078846
-0.2521380179351882,-1.0711100059150036
-0.5456842510699856,-0.24981021473662748
0.11261352731796724,1.1139554435474968
0.9872146069921606,-3.0355294881218553
1.2376217615111584,0.02355534392104797
-0.9865855815125856,-2.9678581526004377
0.5025802667987234,-0.8645393922201019
-0.054147068997362345,-0.6556001367795238
-0.5258278389642385,0.2862020552033454
0.7595122285827786,-1.148663285089832
-1.1368716998222084,1.1981379397200873
0.5208887109575552,1.381029203130614
0.8375404011508173,-0.44725726373018093
2.4520324480930227,-0.5727383404354078
-1.595052099947325,-0.21798816472382776
-0.2134373112278618,-1.8271650424880066
-0.6595124391604165,-1.3249481589578822
2.900352909607394,0.8003622781092206
-0.3925681697675617,-0.013206342779136427
2.485299840469912,-1.2536833462686532
1.2024049162291683,0.30360841323879234
-1.53358121775971,0.7449068173551773
1.410165924883369,1.0817638620704222
-1.367024861124812,-0.6727338230587386
-2.337637794371287,1.0034505218750822
0.8586026576499772,0.4830321344713781
-1.0317062645640198,-1.9757525854191904
0.13553414936015157,-0.2660312725420118
-0.42547471893293437,-0.23391138162689193
-0.5402470797442718,-1.3556265865139892
-0.052392025951198656,-0.5056810325641533
-0.9826852326623717,-1.013779967078774
1.0731733752599737,-0.9607043891640012
0.8521001546173462,1.4717364213313608
-0.6039167215972538,-0.5780380963639785
0.05313369834680675,-0.2424444377532129
3.111314169175582,0.1665344377255032
-0.050373188930455774,-1.4916084491692865
-0.8831930632629739,0.01057089837325848
0.4672676966439427,0.25299878205000137
-0.3239020702659271,-0.030456769436983805
-0.25957304739837134,0.04690235492332087
0.9035193090852283,0.8338864775779736
1.4249743670014319,1.1090232534257645
0.28038656088837993,0.0487729362081283
0.46599214820817414,-0.12083675007119679
0.7863537699292199,-0.4381701291364559
1.6706943685915483,1.0646527515659718
-0.9690241572984676,-0.9168206361398631
2.0530117214111465,1.5870701313756723
0.13357481664226023,2.331932806505802
0.9339423106397096,-1.2987171219430724
0.8474043727071315,0.07581931144662803
0.3168043957713807,-0.707789492389506
-0.34333966973282287,-0.3539488871986315
-1.2596732840756424,0.827686832972576
-1.3887354864976766,0.9272079799818848
0.24494921404192718,-0.5763245609060381
0.4949529379702117,0.6980892814159364
-0.2332036457731605,-0.08236919517494778
1.0564471279329335,-0.12407246778828548
0.9448703833499259,-1.0465647341786117
-1.0431162882121772,-0.38895146523337704
0.7549575228153923,-0.40372840081477745
-0.47225116689846586,-0.7832400597984979
0.401655606880094,0.18945375022792538
-0.07872158007444142,-0.3118021319326255
1.4456800038812614,-1.1303675706025396
2.1585509170099377,-2.4972853780988626
-0.4172614972238959,-0.18461403673428076
-0.3321211376412065,0.1291575907730449
0.4539118906494151,0.5244567685044547
0.7109814023232943,-0.28200942754167746
1.8232544119869967,-1.6487509344248412
-0.5740352168516719,-0.464238035285602
0.3146054213472517,-0.3262909893612308
-1.4670930076170783,0.598231205916095
0.8777653384733743,-0.7908665002072515
0.9803672818947778,-0.6611612319880389
-1.5338524439100052,-1.094114641832526
-0.1707537708933061,1.075453288429887
-0.7372139968489393,-0.10324009622869629
-0.857110173085558,1.6017812992062468
1.2949813066830267,0.14857007983842194
-0.02802414758871624,0.06521738488406356
0.8698730520776492,-0.19014119027494777
2.154302751575207,0.8455034817558266
-0.9146980921832154,-0.03608915076273824
1.3183702922923,-0.012527941159143371
-0.9128469398620647,0.5842229289528045
-2.674853498838149,0.2603613595652944
0.3042690708892138,-0.42213900555509676
-0.48123970244543607,-0.2744109978483618
-0.8749826950284516,-1.009371618346404
-1.6096103338337204,1.7859555989640183
-0.530533524854724,0.8542224919465203
1.1089188498351872,-0.5373886264763126
3.2183494143935616,-1.1338048399013354
1.5296829809646495,-0.46849438537781274
0.19527229239664207,1.8766580267267396
2.341113083617031,-1.5870040955937643
1.7361364914859152,-1.012567647266673
-1.0995448211434673,0.513586010868446
1.4014299425284495,-0.3279001352519797
-0.0047383418163024415,0.1068785697438953
-1.3273167969247346,1.0838923114244046
-1.634247574948193,-0.12037721916341654
-0.1625923159684124,-0.4785388013939903
-0.2223584996950165,-1.5745173039268197
-1.0184813335829015,1.1829000593318852
-0.13399664806313255,-2.258349322060589
-0.9394060300342848,-2.256765622006206
0.24369392610255924,0.220528937434782
-0.23346587336995234,0.19458679857551497
2.415848149895109,-0.21296725561384125
0.2136670524472577,0.8119538634973996
-0.08658906033216401,0.7449541702575867
-1.1253239300563969,0.49489478450116
0.6647942334665158,-1.6619882704370088
-0.13924319537241278,1.0301015854726234
2.070889092036484,0.31642280306754594
-1.204222295432608,1.6579917248032503
0.8134877519433005,-0.6788946809345389
-0.18026859588478142,0.14487118882217837
-0.8196506902705042,-0.9214856382311941
-0.9052821443200665,0.9012599991445992
2.0740141683973157,-0.1686006348450928
-0.35951862389343275,-0.3262166303944526
-0.15226053642584375,-0.8613726333860031
1.3662129802507046,1.6762082471525614
-0.03546579094599329,-0.4365545380134084
-0.5320633597607161,-0.2258736947889853
-0.5229349259248605,0.24188719692756555
-0.5581750695390912,0.46173697951835213
0.7490948378849447,1.081744185190659
-1.610828059478348,0.2431566449515266
0.8510594726235885,-0.46284039891750023
-0.2728145956374685,1.7321188804860344
0.6055859956799372,-0.34373092151740103
1.2523466678381894,0.1362064549224
0.9963506234541597,0.848028616602819
0.30514635162546705,-0.8241178132208409
0.9891632549427433,0.25865650736280604
-0.5425422558479063,-0.6989575343073421
0.0017321603195180088,-0.7231521131071439
1.5475987031674407,-0.24064106904060772
0.8881312268090792,0.24345815108379104
-0.17075139696833722,-0.3230552328682894
-1.7114609236569815,0.13186821621430897
-0.31477814528023745,0.012658069071903038
-0.9687957522543925,1.6754724488062267
0.4001868256342289,-0.7083962182777437
0.08767859438258861,-0.18137578791255576
-2.1167295527924486,-0.3328019918405337
0.2554101686168517,-1.6974770855127035
-0.35151106906135887,-2.234011453843386
0.8388929256771932,0.9307840575672234
1.4583643507817328,0.7392743601222227
-0.8100276630395232,-0.36036094140382186
-1.9815262836283167,-1.5084985139442428
0.101290916438182,0.28362231837685115
1.9402303924412494,-0.4727463270704443
0.17387813181182957,-0.20004122613727007
0.27403147001828004,-0.40836979917310495
-0.692227998164149,-0.7624808392498409
1.514543022707144,-0.5049577055208683
-0.3057556143541132,-0.5545418193417188
1.1259986981066687,0.280294648649807
-0.2866380701813019,0.7554254376745932
-1.9039460441972942,0.4927464800805067
0.48350594049950146,1.3113114774314485
-0.5352477089850345,0.15099358825320386
0.5558730998907019,-1.193141613647035
0.5498926687581496,-1.0177401725472188
1.2534821957182347,-0.6950429625624498
-0.144094472209159,0.11200887419963919
1.0458417238177702,0.5840611603955388
-2.0354346582924676,-0.14679130110249802
1.3118269313361994,-0.20317576637489004
1.3323103032228942,0.4864701012759325
-0.023938579479230428,0.5552300270905773
-1.332020606362624,1.2568904569967183
-0.6866037937535587,-0.40928447490942704
-0.8436229548508979,0.60420542601699
-1.1923624452667698,-2.6395898075879902
0.06397693689192163,-1.3097166477261106
-0.2907662796210269,0.002725908707302763
0.03564726424563939,-0.6888292224502081
-0.9287148043254706,-1.048875912566236
1.5487698898872542,-0.19522284591566386
0.19688167209238286,0.4804203502616899
0.6663442303884229,0.40528576703910113
2.351308882005686,-0.9194870161531861
0.836110256807394,-1.6665815350238646
-0.6285076053443724,-0.6906923585415102
0.06517977178862583,-0.16830436668391752
0.4749926734732907,0.8193277264566913
0.17634980034230044,-2.398865991336856
-0.38838278377410607,-0.15174253527842113
1.8147069445280377,-0.40254416705595
-1.3937719911911017,-1.6673984977165708
-1.0871163246250224,-2.8669576167862547
1.3968538820858662,-0.11759490291320815
-0.4289261903586377,-0.09576577167121192
0.5309886066909337,-0.6578754128997306
1.7732009677500047,0.748916562011357
1.3260114711631454,-0.021322874007129185
-0.7305514113298194,1.111772228499588
1.8941028724357865,-0.3521550452252013
-0.6966475940990622,-1.3685739757126123
-0.5662874450546214,-0.7640670327232567
0.552968837599747,1.609179626646399
-0.43406095848131504,-0.07247624323661987
0.2849410437448376,0.7983308334307526
-0.16156310076811167,-0.5609254955684914
-1.264062761076312,0.6632286754452137
0.5561188670134906,-0.8069744369999566
0.6175680114177432,0.06755401959566354
-0.7035646525692363,0.585010243207763
-0.07457000552787953,0.32059570992654024
0.3558702999005793,0.16182836173947118
-0.38376743516578754,0.016273797701863765
0.7979621487583344,-1.0653101058872896
1.1715094046768444,-0.5868609397319757
2.2041848195433036,-0.5043886535583061
-0.6767122030139517,1.5795505872407027
1.0805758491613435,0.22070501011253033
-0.889913732375194,-0.7280192144466344
-1.3684080066532498,-0.6646023974511559
-1.4258581976795084,-0.9799343435309549
-0.5223947753534223,-1.214558596871453
1.024903261538233,0.032830206624711485
0.8041288614899434,0.46763791042346575
-0.1748316310302683,0.627252943087172
0.7629476033923537,-1.0550869108854304
-1.002693124653651,-0.48458379421022496
-0.18382887390803926,-1.475866090291318
0.29862009359097674,1.0776607369812097
-0.3631204076861979,-0.1015147839755436
1.0255654520224609,-0.2769493007188211
-0.40639061332231197,0.14252039119180412
0.340551324133878,1.8027943302722969
0.16342046618339973,0.15834470600812575
0.08332596443664954,0.5672163677877216
0.026509295474025685,-0.6392330214559925
-0.03662018611470152,0.2918850814510815
-0.2244855609353964,-0.4417032930949744
-0.9080463121012546,-1.7823142311657343
0.48510999294228513,-1.104747147991731
1.2971573908073384,-0.2192569049365848
0.35449029730569476,0.23938508114060775
0.15610739029279944,0.6680240411980758
-0.2748039746010117,-0.037869525416373534
-0.6208427915795292,0.5535277952511263
1.127972161250053,-0.9123504068969535
-1.4225880741297305,0.12390249624470306
1.2861908086044778,-0.8847470211306303
0.12873941881063775,-0.945894854987062
0.570181376867781,-0.3967820317144038
0.035833680308219845,-0.11662972919632392
-1.087014688219357,-0.2805027782723577
-0.12946450337921733,-2.345679342397087
-0.9419708499059827,-0.3328593878619662
-1.159687217357679,-0.8583628366112555
1.1823811274000027,-1.7522809998824758
0.32228248395281217,-0.6069054663983805
-0.9756274007954717,0.24524898876481183
0.6449581660033182,-1.427440096145024
0.03990097198484637,0.5003215334142693
0.6953127531677147,-0.18708580655714535
0.5259841985600621,-0.7799109232674891
0.3305115391563135,-0.577633523829938
0.3620943300743924,0.9070332717747873
0.11604106375542429,1.1977983420766944
-0.6855404812420113,-0.1639709862891608
-0.5650244841343772,0.04862552230621833
0.32047534558626795,-0.6594760340196553
0.13756732229185678,-0.5050975000252746
0.4699515385960593,-0.11550671757594493
0.07145963405871704,-1.3896370983360014
1.3731234975084514,-2.008495282846975
-1.545986885677858,-1.0872157918427539
-0.8878726668454036,-0.28423374615901603
-0.1662660638675923,0.7049881785810119
-0.9185307872480551,-2.029220793958461
-0.5150305902768467,-1.4803107408144094
-0.4038562766085677,-0.13310518923944803
0.744929237608721,1.6423106512889292
-0.916335544204439,-0.9599026389180032
-0.3991372878980027,0.012223854575151268
-0.9987522423753283,0.7757142328552543
1.2378033833452486,-0.8107960462521778
0.00047843257453046486,-0.19677607291142432
1.2593056616007412,1.2915656275493947
0.6071985892401222,-0.8123643612466359
-0.1564995708223455,-0.14736973461961816
-0.7599653315974978,-0.09690375787037275
-0.08387764186984314,0.03390804975786715
-2.4172935417245722,-0.3217660414815793
-0.4592089526947014,0.9159502239704845
-0.6701971027881206,-1.8915839834093526
-0.666489870144127,-0.6627098537218634
0.03822279944686328,0.2531116381758712
1.6364725695463957,0.12493152056365996
-0.02743752879987588,-1.3027819577890052
0.4634557567867308,-0.6650964164738762
1.0240565576533471,-1.0499340988576877
-0.34478038983011855,-0.5529412641213314
-0.5070022819042119,-0.2731246649836278
0.458973194447771,-0.8366325134589758
-0.37714940109695283,0.5838699620769612
-0.11271932894879662,-0.16355828336562533
-0.9643631082179354,0.7451889276037219
0.1145565906885949,0.5705598040771536
-0.4722096892921237,0.10412927542689443
-0.07741833589015634,-1.8920173293985325
-0.0552749985251948,-0.0018072101128753669
0.2903054757856491,-0.25899111101214284
1.1054171798840582,-0.39380581369899886
0.21391913723518458,0.5570174393113871
1.1356461635700597,2.1072260337090034
1.9025860442761595,1.1662752724397378
-0.7968728430500945,1.9332555053849991
-1.2644122376210345,-0.6233800478280245
0.7679482631400312,0.5171017714252026
1.0159203337798648,-0.3090794810358625
-0.9971877844529057,-2.7347647151210652
0.14217869523327964,-1.014837156575956
-0.5189051853009027,0.05625548182664371
0.37383290598751256,1.0569162969313401
0.21953688237035338,0.3066779727051194
-1.456862018836863,0.4945718194664485
2.132967658434141,-0.3350776895873463
-0.3614262956039886,0.9749574547077079
-0.306644864150359,0.055965122979466764
0.1183253549361792,1.2331657727708591
-0.113305503228762,-0.4235039090675033
0.0902949992765395,0.2908907309030624
0.22303745754995585,1.1628928543298107
1.085417657884715,0.3503183283001405
-1.4847755216105516,-0.9748228982678039
0.25349524720781963,0.604694604275566
2.019089248315713,0.33342335210675894
-0.10012664332905337,0.6341026656881877
-1.5131912294345669,0.7998989744266494
1.036138365101998,1.0775772156732564
0.26159126526001847,1.0189826610634778
-3.416147470060609,0.011877481353039648
0.2591094107315522,-0.8929168366639556
0.876714597488557,-0.4788773183370746
-0.4264323288116703,2.501712145160992
2.5505184314418856,0.3334656675017198
0.4242665978830103,-0.4093408324429363
1.4810064169322879,-1.212593766394785
0.20849598001805358,-0.3784844900805517
0.30116279256534956,-0.3994120208650345
-0.6648087104199237,-0.3309747975132303
-0.7410423218373996,1.0816019012950286
1.4039937513763991,-1.4108529636770386
1.8192927141891413,-0.37957716916765505
0.07771817116455632,0.8316069014861096
-1.179767632038407,0.18108602544597838
1.3481450750230375,-0.3852048324174631
2.1449366213950616,1.2616874496958106
-0.24074297091079558,0.1946276873760413
0.6213699360379981,-0.5334598317987824
0.29560231389558517,1.0222426583949136
0.901406203318359,-0.33294151698368
1.2823775573865515,0.6176445026593658
1.501969374206459,2.7017254024779915
0.6083035174422293,-0.07596874569718488
-1.1983703307417175,0.499247230380103
-0.8888191515155347,1.07653453708116
-1.0750634509349415,-0.4766589946205969
-0.45491795103139315,-0.3930282705608625
-0.37628303638743904,0.43763362130520156
-1.725014402983664,-1.4885071302812183
-0.07252620942787126,-0.7636213152883236
0.23768580162730657,-1.193763313546291
1.4563212608784435,-0.9547635387685611
0.1157226524189542,-0.5155464418547109
-0.008889876533000055,-1.394149059876439
0.4819584054020054,0.011052104915817986
-1.4517503224354857,0.851110621738778
-0.40328296144922354,0.2900502927209713
-0.251227423042713,-0.5775869474774891
2.442496074702675,-2.199488308552012
0.34036776805934743,0.22671019309993398
0.16572764862253683,0.21038446147954556
0.1597356282139358,-0.659116880553829
-1.1309099737112007,1.052119751879708
0.17965846154060566,-1.1726416020627286
-0.28881370881880514,-1.0765862546908338
-2.100468461007461,-1.5290624919378502
1.7042204558348957,0.9546284506857552
-1.73021116649402,0.6435687166764846
1.1451955044942042,0.4890870474319491
-0.800965966633044,-0.13741296677631473
1.0084752068350364,1.3403985600830375
1.1093631653604763,-0.566476006434572
0.779443289422735,-0.3641199602611508
0.863832991191661,-1.5775548215971031
2.1601439309643746,-0.8611419426251491
1.2980172810746424,0.02532000724745106
-1.971381095266299,0.552474605117141
-0.256143171284825,0.6582781275350706
-0.42339584471403285,-0.289195217958998
0.424513935844505,1.0473577197337072
0.2284545119724886,0.2351776869032382
-1.4678238288706764,-1.011054678849088
-1.5716601017490348,0.051288841696594124
-0.41883143405977086,-0.3277428618079665
-0.08836087683221634,-0.13430481290838195
0.6831043738134268,-0.6522827849922139
0.22884627526291312,0.11013566127701464
0.0261246346910437,0.29175201083764246
1.3438790052021345,0.697416794339127
1.73164984927999,-0.9165410871655695
0.14677149618392735,-1.9221607619309096
-0.2734862876999667,-0.12646049978240048
0.7525002071160058,0.6168352551796957
0.6994557139904516,0.395073454729139
0.9257806769031216,0.6224028518860051
-0.08610419884300359,0.34361805398272954
0.5601523949078441,-1.4534358740075268
2.6722366998355707,-0.05956944385675856
-0.7156708271546867,0.5456119354861654
-1.5495804470705747,0.46801581991705266
-0.582894521437613,-0.41172755425919516
-0.14607962730130242,-1.3755497519318798
-1.1160177796319284,1.2854359134228752
1.3254389953303325,2.648320650410661
0.39174812523292485,-1.2410209337807818
-0.27642751990729925,1.0647322320274017
-0.9822350374390403,-0.8131883867250912
0.5573261246907167,-1.4056599323395775
0.8699614537251322,1.5341324854379503
0.774832468406149,0.06288423683428375
1.8099837178217535,-0.17893120559176817
0.17038358382320526,-0.7852404596658642
-1.2915230521132335,-0.8012209063731461
-2.608690541721912,0.3408195394304237
0.2339969986589267,-0.37710449919919264
-0.8108610577692519,-0.144426591398072
0.5623941790315036,-0.3090727440279032
-0.644383658564787,0.03206078230092384
-2.0404531016718024,1.0959894101857566
-0.5626143052466406,1.8186397133462235
0.22701723442012292,0.3793649020854293
-0.09815536116203104,1.225326017870661
-0.13893706861500218,0.668085660522563
-0.2669993139546515,2.2025602558369837
1.7420250870674658,0.9149817667602842
-0.4060148647526233,0.1612649312179016
0.742581648039717,1.2650826305427993
0.07290613559962308,-0.5704978456032156
-0.894008184671843,-0.5318306468400517
-0.5989347034896283,0.5364135335757163
0.17201634095060836,-1.6752149001144454
2.7182179082672433,-1.4001822784590452
-1.8714549183272216,0.10252526132458024
1.7616439305776617,-1.6475398274825066
0.5330619111672426,-0.3460894503361395
-0.33234715297232487,-0.7885660245471787
0.36756183590907243,-0.9889960198003168
-0.32360257989948615,1.2550951535671766
-0.6839585587072531,-0.29195021257350057
-0.7345349510827391,-0.05180569034945602
0.008166438384359612,0.43688379886640377
-0.2619501289519459,-1.7219132156473724
-1.4140239292417314,0.49964784660150835
-0.47383812530345104,1.2500427530374834
-0.8647483097692023,-0.7542083824454658
0.7785405760561369,0.5243536399553698
0.7496602864446759,0.5752118324264555
-0.3640105179811847,0.1792796117905662
1.5442457525064015,1.9516516014024925
0.3405631728848025,1.5540528231821678
0.6853076455577146,-0.4051347458742637
-0.752338756691868,0.8741883540846855
0.45971544009307885,0.6756947735202874
-0.47757565266792196,-0.6875844821140027
-1.153629052411783,0.3180023564095826
2.307300185304969,-0.2632303161253177
0.493628784256678,0.05023765336063335
-0.4226592439191524,2.4712987672036952
0.1292901809129208,0.3851146341737955
-0.4316031615581266,1.295640009103083
-0.7931470585988465,-1.1663740678326706
-0.28627353490398727,0.11593372015197488
-1.0239843845328425,1.1775711496545744
-1.8115026691055292,-1.7134483907831426
1.062995241794735,-1.146415077614444
1.1237338436642406,-0.9211340625141908
0.061643299943314155,-0.3465720581445423
0.37010115720528797,-0.7898268799104089
-2.6672877788002842,-0.5710778852290067
0.02978013424054313,-0.0317093752838683
1.6933471587487552,-0.003006310179788883
0.6294648148581113,0.4887360635250789
-1.5063306172861393,0.1777977325137939
-0.4696196926340215,0.0031806040171906106
-0.08698607233503075,-0.21814106969743152
1.616858189195495,1.2593458191523221
1.0010248733962894,2.133230924719531
-0.39426871023449883,0.12611023801477117
0.913514120377422,0.484994053054928
0.8448638703632061,-0.44466115372716175
-0.45701318080670816,0.6840266547602497
-0.03477423687281374,-0.14537421563804762
0.2163386740927486,0.14531342613563944
0.5666859664763378,-0.32751282028643075
0.8838044722959579,-0.8212723276595555
0.08069046836812255,-0.935018548645427
0.668149698533019,-0.6036358350599714
2.5846053237701234,0.2014407409194987
-0.5353498990106691,0.6272291814632031
0.8739133296203762,-1.0314774345775748
-0.04919246490531514,-0.19384145542047607
0.7125737295276243,0.006207872596648688
0.21392994535412757,-0.7782557981227934
-0.5142529839473811,0.5264244341778763
0.8609564179037422,-0.07443185694903874
0.5433690955708703,0.9758240063975376
-0.4330391899587457,-0.11111001790107232
0.5707557313605273,2.293834520789188
-0.3711267359173739,-0.49296960095062187
1.8246387921517038,0.39811164139769456
1.1908368803464577,-1.0105699429173798
0.13444701076882715,-2.0305965241129784
-1.4565671072214967,0.7997192806051099
0.0661928986040014,-0.8793011067712108
-0.7084830174118455,-0.35422551556601645
0.4451231337379508,1.4968366222518708
1.0458411301141317,1.186077904824879
0.054435457547262686,-0.6613946128490669
0.24748122042679263,0.2505647639622758
-1.5663018863906129,-0.6293972604009009
-1.2709002490508599,-0.42985911054370624
1.0127068440840055,1.0192259470820089
-1.5821268308184067,-1.0527618462443211
0.7279663097691942,-0.4577573521914938
-1.206606125663682,-0.8058301036780932
0.8831677595049325,0.41696417293166377
2.3973358155766435,0.32208835742592457
0.8863747890119328,-0.5295355064533488
0.5027669287162922,0.01759096491971466
0.7563691997350658,-0.8001265816620879
0.5564928955479067,-0.6946541799331871
-0.6787087503522736,-0.6589366681839894
-0.14127980609522398,-0.49149068772650695
0.16163427847234882,-0.07463188989246773
0.5888519026774929,-0.42653762178278043
0.14370192138912263,-1.3589579752529815
-1.259397585277518,-0.5443405578411947
-0.9031664911327613,0.17021268272199647
-1.685569115983709,0.2573774428806716
-1.7686376920213436,0.02861451476977383
-0.2867683772391598,0.4725553540986641
-1.1626494134210907,-0.21047680840887717
-1.6662361843539009,0.7320918536974423
1.4772976751207982,-0.3651121398833297
0.33631756880716623,0.17204823066205166
-0.5817447940250261,-2.0121121144326093
0.17759343488310472,0.6535893453249153
-1.9909760798038927,2.4531252734109334
-1.6543398888563028,0.6340778513402573
0.5679358082719062,-0.326197334009334
0.7910185410577519,-1.162185839708362
-0.7107105736811932,0.11064800634715996
0.5010234885350008,0.07413856081990579
0.4024671143662183,0.8628663646441123
1.5365223033673143,-0.2766047160002863
-2.731545678013693,0.10528822134159216
0.9158800644963999,0.2193896564739002
0.442748751015839,-0.27967553472922824
-0.4188425589579896,0.713389996634361
0.4142162942005311,1.0692012892356322
1.253944173234035,0.2031478070831539
0.5511702779891287,-0.3641796113711129
0.27981640135389324,0.8331224908286141
0.5509777618650259,-0.7285124546903602
0.44275059080526863,-0.5311658439978353
-1.5760017963215553,-0.9614079173135744
-2.33114843822977,0.4506428368578774
0.6562670581217491,-0.5078886709580271
1.3677551068060598,-0.4898894161646292
-0.562358886105511,-0.10824674295543006
2.1629112289567467,-0.5047679357834505
1.0020254214019695,-0.7258413594732732
-0.7013989522259507,-0.45824422254856617
-1.640370758932956,1.7530568569149318
-1.5195537682162759,-0.20354139557196319
-0.4036649967421988,1.4518316918363054
-0.15802001300329482,0.48338723182227955
-0.6660366174034189,-0.23942053406505776
1.1568449504651825,-0.3078278167914196
0.4663168782625413,-0.7571962227498137
-0.1020073713013175,0.8793897727484149
-0.16613063749588522,-0.24040329564186383
0.272543992459104,-0.5932177015852246
0.5030288318661754,-1.0857758133198139
-1.2695798544277286,1.1938904634223295
1.6684418964819534,0.42776057008273394
-1.8342499967321184,-1.2368000174207134
0.046917015500367046,-0.8139111068680951
0.8426753885256986,0.4830725648618604
0.9009708521534323,-0.050890698014689505
0.5315515858010176,0.977608914351721
-0.019483951508688365,0.9609081151075839
0.2622938214808716,-0.15592039115255982
0.48917904041030896,0.6491052574900298
-0.412299778608029,1.12895716665308
0.8586454363257672,0.18255572726514957
-0.42337915838897394,0.5229470653206988
-0.3104932505740882,0.5544868971002875
0.042001823325617735,0.49150350132616993
-0.420954225060536,0.2330115889890463
0.337689797101073,-2.7146571986496006
0.1794471178249256,-1.0703633631227047
0.18087738894173472,-1.1734544082139657
-0.3717776461630287,-0.06364505304347454
-1.6663698314597182,1.5461055600817908
-0.7511319651953112,0.042309239089266815
2.110990506301854,-0.2776985176871932
0.31219956430649715,-0.5615628998921476
0.2374969176111785,0.20706184864626304
0.5727514679783023,1.3467500132283086
-0.8759338201812409,0.12781284414128094
-0.45465691151517884,-0.6033207735485671
-0.1922588288705605,1.2983284948822813
1.6992380468087172,-1.249676970591172
1.1443345221053889,-1.128763075165515
-0.4590959815381096,-1.5524826974590507
-0.7114203885969591,1.0938610435735896
1.0479426554755347,0.7230279830724033
1.2922800615072088,-1.231480348860023
0.36015590571455103,0.5817960925795439
0.7238861948212056,0.3297426922153011
0.057664236102680476,0.562950330104599
0.7758993289074171,-0.9857395181262004
0.15458276809976768,-1.4383098122152893
0.36007118749437167,-0.9748397810351616
-0.140021018659389,-1.8749097641379655
0.02498782300946603,0.022163348973105762
-0.9478344683096948,-1.4062016837143383
-0.5604212384573427,0.44106235826646784
1.2077117175207455,-0.352248582090601
0.0994740606326418,-0.13316500989341415
0.32740389889101496,-0.17718770934267317
-1.2558965028718057,-0.04685955084502447
-0.2614386030476716,-0.20091633417833202
0.043764603205352026,-1.5364611514807927
1.0933453984925867,-0.11543849549029975
1.3186212469475536,-0.4195920422724673
-0.07050084151506451,0.9659418157216746
-0.7838180930165473,-0.03440417351767109
-0.7034911585849324,0.05979803541047219
0.09087498274345972,0.4456825144178751
0.619085327754201,-1.2241898080869993
0.7525404856265282,-0.3283330018794198
0.8757310098635538,-0.0037359629280007316
-1.8170270987913109,1.6140926661191588
-0.09956976207313273,0.8331769330989441
0.13613744815991222,-0.34291060844576515
0.3437213734115323,-1.8166490946102831
0.3593501817850332,1.923131379342221
-0.3204410119787041,0.4247954491468846
-0.3468379879189526,-1.2199298709811235
0.34752697703623625,-0.43490497605910255
-0.018928525903832174,-1.899029801421568
0.507300899643177,-0.177724621510621
0.4354010607647605,0.05635026311431429
1.389754461948075,-0.36774348601795664
-1.0079254346575444,-0.6950375587922174
1.9997880927538023,-2.177059864515188
0.9710530561769136,0.10390053857284176
0.3678029722465384,0.5232612125568299
-0.06069434589583749,-0.5929650786982501
-0.4214310676110626,-0.28957950294328433
1.403585881845124,0.42646108354540435
-0.917281194269925,-0.00294513869673397
0.5907081964976698,-0.5051907420803646
0.24192424297066056,-0.5424578092488841
-0.5796234682533042,-0.7485190322211218
0.4738546039464833,0.3950005252163066
1.051817797619728,1.479730823907616
-0.15124660190552805,-0.3567391740589947
0.8693188836210173,0.4363787142957735
-2.5997113320688348,-0.17276602745978145
-1.1316311601763072,-0.43263510223815344
0.07445533106913343,1.0658899373563906
0.11949192815880653,1.0000154353316633
-2.619824494803468,-0.5543917783555605
0.4036726361074104,1.3075836333336712
0.779059495984281,-1.1959241260927003
-0.7483573595924127,-0.7490467546016183
-1.454355497445559,0.7573917423005087
-0.6113442078449434,-0.30943947399506505
-2.225038990909595,0.2733820858325292
-1.268071412516427,-0.5024854573480781
1.626840036577527,0.7588098694366013
-0.5058938619712228,-2.1582137759087034
1.8092488671306266,-0.7728324867738706
1.7151046580882239,-0.057152044291647275
-1.2093894171036172,-0.30852501690406153
-0.28172759034018563,-0.5263023432472106
-0.37199330560998,-0.3793557098308889
0.8036209551293793,-0.9548530783878579
-0.6177687536214389,0.12584364730668193
0.23318125165306258,-1.3603411189930728
0.726846195255877,-1.5285981364749912
-0.3094021757391946,-0.3979396978591931
1.2994993484376491,0.4661107333951909
1.7673553180772923,-0.907062566819134
1.373126557665172,-0.8722774520343158
0.8837651552796534,-1.2166184612261253
0.5300015781190102,0.5083617552978801
1.5847597097735868,0.42770819524700077
-0.7845186313778437,0.043500292437419895
-0.013286040276996666,-0.9142983980525008
-1.5302756491836536,-0.2555743295108424
-1.2722625235644889,-0.8211596690081672
-0.4068942773582513,0.18741124360888586
-0.22072453897838826,-0.7529600662706248
-0.3120210078251153,0.20462535892535005
-0.9022593986261497,0.12225353758079832
0.399947385030404,-1.2161546683180349
-1.3288104677003072,0.3281645395041694
-1.988863915263719,1.327779129415801
-0.9049986613238695,-0.34079037345291785
-0.6232143042744099,-0.06194216169970192
-1.4731979621297515,-0.4852388791686975
0.06069892163626128,1.5920288809370584
-1.5575173469627985,0.22698015534096044
0.6293715977309383,0.32396838346766277
2.3098596351495533,-0.2515998007029466
0.3344509895711431,0.1955831110817173
0.5219798158674761,0.9583726703065858
-1.9011793401519916,0.7679336875525684
-0.9774197006734126,-1.5734312819749419
0.9036418838058637,-1.7534797600571115
1.5299345535790883,-0.5224955665210562
1.7668691341496914,1.219027382589396
0.05443862698110865,-0.5737980442441529
-0.16101085859739248,1.8866132125138833
-0.6107202085182843,-0.480807533309874
1.412966493299776,0.5699199393175066
-0.8605538432295995,-1.1524497169668235
1.1559865624063468,-1.1471997060706307
-0.9267846316539892,0.7632729080332893
-0.22231214992465367,2.249446472657557
0.5740687738926491,-1.0061377738612547
1.4828958511849926,0.18287049455768012
-1.2054156237145268,0.40961856444245354
-0.4821137568227806,0.15676084738211224
0.35741348349360325,-0.004995701016869489
-0.6057127722905811,-2.8987168448464873
-0.17427899314461356,0.46445993043793005
-0.9216886960690219,-0.6890769714942694
0.5779406630403047,-0.6600835292000781
0.7380871177476003,1.868201167767746
-0.3739256895208237,-0.12060712270510285
0.5388586595846723,0.17020662111311569
-1.3305559808672651,-1.019974119780711
-0.3642222933468679,-2.088641809026668
1.0964026702095326,-0.24827844636771096
-1.0042873881047312,0.04176498566289214
0.2469559584885774,0.3653947669748055
-0.2455744416938623,2.2320063657832128
-0.8509938969260175,0.2485708491672946
-0.059400000238272264,-1.4247602231080947
-1.6579556050060176,-1.0286584875456426
-0.6194638081485805,-0.05127956837683908
0.31002822121392526,-0.8766549641092605
-0.08608956528093607,-0.018601496851753697
0.7871951771667625,0.1416001254369599
0.8889770542914447,1.6606600686638715
0.05463024334927076,-1.1948068411837065
1.1900870524120433,2.140356106810108
-1.170597233583949,0.9997325475220797
-0.5367192588616344,0.00015235036667851743
1.679268650505857,-0.17442872108647808
1.7162927759691233,1.0023313224209218
-1.1357599403998564,1.6905284976998978
-0.6280101730126878,-1.0040602637296248
0.3269937178328006,-0.5101305166360974
-1.1462866306476567,-1.4465932942697761
0.33360300067496795,-0.005783892055638884
0.36628578335827844,0.45992076860127024
-0.2594744327119588,-1.3443009492940612
0.9520914165728357,-0.969466344596618
2.7580927327335307,-1.2829954271195754
1.127460286593661,0.33939168392156777
-1.0178835635504226,1.7385150946990762
-0.16841235554794956,-0.10535134861295582
-1.136357617904763,-1.401695864695522
0.4934595924495889,0.6596458228825687
-1.8763486166903858,-0.18448097831683366
-0.3362212962788537,1.0070516035265422
-1.0242627774911932,1.179821685737959
0.020626028287969434,0.0010559474210733277
-0.4332386060546171,-0.7536847877423893
0.9838894581602511,0.027687934044336317
0.08979172937913733,1.172017639562504
-1.9370283081506476,-1.3735651104960327
0.9154243781031295,-0.6444208932390757
2.207180935781617,1.5327828201204075
1.0202396725786445,-0.7985271821241485
-2.0112837875894662,-1.52530176428525
1.0486113115858995,0.9535055233255235
0.4068379140457683,-1.0544672137685063
-0.8587645882538116,-1.228585668600909
-2.120241443066901,-0.4437401681722352
-0.2666484540861612,0.21819538074702013
-0.8635788111304731,-0.30036196119355424
-2.015842686358368,0.9743026033348312
1.1881220587634795,-0.8375385983287499
0.3420834585938987,-0.381022396775292
-0.02298258242039816,-1.7755347333056342
-0.3702039030679508,-0.11194921724808396
0.4534513713399227,2.008834463049202
-1.2464327373150634,1.3120536591172967
-1.1979174630493319,2.698530664382656
2.913648025916329,-0.10801644384523859
0.8367702472749147,1.0012864942070112
-0.660882572649532,0.9169146085580542
-0.773262256562781,0.2710006373760755
-1.270346345407839,0.8361682532553091
0.30921748285371375,1.8539427996126494
-0.23052690474976328,-0.537769368742959
-1.6973033975058482,-0.9748483928062933
-0.596513106769788,-1.2843922883678505
-1.9498194930836035,-0.6290758861835095
-0.9501140072247619,0.4802463688093952
-0.09965848986120732,0.6255656719879809
