0,1,2,3,4
0.01593947,0.043649316,-0.0010167698,0.016555425,0.008356823
0.016339779,0.045386437,-0.0009564135,0.01744907,0.008140435
0.016199568,0.044721566,-0.0009701224,0.017061744,0.008185817
0.015810305,0.04266852,-0.00091285224,0.015649064,0.008244386
0.015395244,0.040740877,-0.0008236682,0.013923791,0.008416053
0.016325131,0.04547095,-0.0008690171,0.017810274,0.008353287
0.016377097,0.04573396,-0.00095486146,0.017846923,0.008247879
0.0152112525,0.039763518,-0.0010240516,0.013033969,0.008206269
0.016369168,0.0456442,-0.0008771295,0.017844617,0.008298933
0.016202295,0.045089893,-0.0008989036,0.017799757,0.008518096
0.01649085,0.046245642,-0.0009492751,0.018089738,0.008181588
0.016480671,0.046108417,-0.00092319807,0.017953217,0.008152939
0.016209837,0.044861812,-0.0008028091,0.017516082,0.008433879
0.016376588,0.045628753,-0.00094190927,0.017683929,0.008188659
0.015968416,0.04375981,-0.0009005825,0.016773775,0.00845297
0.016400356,0.04573832,-0.0009300226,0.01776043,0.00818933
0.015986651,0.04383801,-0.0008065764,0.016778912,0.008517305
0.016357377,0.04545358,-0.0008447358,0.017618025,0.008241313
0.016339354,0.04556469,-0.0008850669,0.017855112,0.008346776
0.01634895,0.0454761,-0.00089708314,0.017638737,0.008234588
0.01622732,0.045202903,-0.0008650343,0.017901594,0.008539966
0.014833855,0.037950583,-0.001115618,0.011351738,0.008169977
0.0162805,0.04521397,-0.0009681821,0.01746824,0.008230343
0.01616467,0.044922095,-0.0008586623,0.017776543,0.008584907
0.016242554,0.044966,-0.00092342886,0.017280718,0.00824191
0.016173422,0.04491769,-0.0009459302,0.017576994,0.008449885
0.015845489,0.0433586,-0.0009811679,0.016478438,0.008526745
0.016291982,0.04538265,-0.00085543265,0.017845578,0.008429514
0.015335093,0.04024128,-0.00088744157,0.013748896,0.008276968
0.016360847,0.045763165,-0.0009373276,0.018015265,0.008349981
0.016215678,0.044668667,-0.0008593751,0.017044507,0.008208634
0.016205307,0.04486886,-0.0008902488,0.017361566,0.008349776
0.016300913,0.045188356,-0.00085651653,0.017454531,0.008253968
0.016031802,0.043798022,-0.0009633644,0.01638918,0.0081701595
0.016116494,0.04417216,-0.0009680382,0.016548555,0.008106373
0.01613883,0.04453062,-0.0008197515,0.017181799,0.008427907
0.015984789,0.04350861,-0.00095470576,0.016118575,0.008142293
0.016013095,0.044257797,-0.0007657549,0.01758848,0.008791645
0.016252365,0.045010835,-0.0009203901,0.017344374,0.008246277
0.016424013,0.04585242,-0.00092096365,0.017832316,0.0081894
0.015485938,0.04145857,-0.0007996666,0.015058753,0.008656483
0.015991379,0.043565847,-0.00089642825,0.016207391,0.008212336
0.016271263,0.04520887,-0.00096496346,0.017522909,0.008267513
0.01627418,0.045034323,-0.00089655817,0.017304357,0.008207269
0.015763998,0.043023072,-0.0004894134,0.017090168,0.0091320835
0.01602629,0.043802407,-0.0009190797,0.01647223,0.008239226
0.016357373,0.045723017,-0.0009040417,0.018018136,0.008370568
0.015749086,0.042424593,-0.0008124104,0.015483616,0.008370379
0.016231043,0.04477479,-0.0008902817,0.017095326,0.0081914
0.015932469,0.043359496,-0.0008028157,0.016210115,0.008373038
0.016244449,0.04502677,-0.00087147934,0.017455062,0.008336705
0.016409915,0.045951433,-0.00093610503,0.018063925,0.008297252
0.01589096,0.04302608,-0.00094969274,0.01578997,0.0081574945
0.015892504,0.04328595,-0.0007741863,0.016302165,0.008495137
0.01605007,0.043933075,-0.0009013772,0.016619757,0.008267404
0.016421646,0.045786742,-0.00093584694,0.01771113,0.008135493
0.016193565,0.044647567,-0.0009944936,0.016922783,0.0081274295
0.016100556,0.04434856,-0.00090237317,0.017065812,0.008371591
0.016364453,0.04572572,-0.0009181265,0.017962703,0.008331092
0.015131596,0.039058443,-0.0010482387,0.012097438,0.007943841
0.0154377865,0.04091143,-0.00080300047,0.013767937,0.008366139
0.01625648,0.04532192,-0.0008877331,0.017917817,0.008488303
0.01635665,0.04561355,-0.00088491413,0.01784993,0.008316731
0.016029317,0.043921802,-0.0008441862,0.016695086,0.00838381
0.01609333,0.044673983,-0.0007512123,0.017886411,0.008794633
0.016143402,0.04457821,-0.00080055837,0.017284516,0.008466461
0.01637488,0.045730434,-0.00095786416,0.01784743,0.008250026
0.015331271,0.04064364,-0.0007200997,0.013991845,0.008665765
0.015836056,0.042782288,-0.0008579766,0.015735433,0.008277525
0.01610947,0.044240307,-0.0008425113,0.0168131,0.008306326
0.016294617,0.04560357,-0.0010723879,0.017908482,0.0083396
0.016197285,0.044761866,-0.00090408453,0.017212423,0.008291616
0.016256783,0.04518216,-0.00081784464,0.01778024,0.00846711
0.0154860215,0.040943272,-0.00096727273,0.014024513,0.008124158
0.016219938,0.04481165,-0.000845081,0.017256994,0.008304281
0.015959632,0.044008978,-0.00072112,0.017313553,0.008836331
0.015888765,0.043028496,-0.0009143708,0.015779432,0.008191422
0.0163463,0.045519352,-0.00087223353,0.017777262,0.008304818
0.016228255,0.044787873,-0.00090328825,0.01712385,0.008199021
0.0162023,0.045158073,-0.0008508377,0.018001137,0.008616855
0.016077746,0.044345696,-0.00071835297,0.017395394,0.008646851
0.01528509,0.039968412,-0.0009962751,0.013236074,0.008130966
0.016446766,0.04600671,-0.0009304924,0.017960109,0.008202322
0.015744025,0.042417165,-0.0008485893,0.015252751,0.008320865
0.016192395,0.045138262,-0.000842732,0.018026799,0.00865
0.016328046,0.045337167,-0.00089568144,0.017510075,0.0082153175
0.015850546,0.04372142,-0.00065335905,0.017607007,0.009134802
0.0162198,0.04498282,-0.00083298126,0.017620329,0.008448898
0.01615661,0.044658598,-0.00079139974,0.017465815,0.008504321
0.015060984,0.03931447,-0.0008153841,0.012559784,0.008587636
0.016202927,0.044995755,-0.0009578448,0.017532539,0.00838116
0.016018279,0.0440951,-0.00096506457,0.01692499,0.008426106
0.016359704,0.04557215,-0.00095024705,0.017667674,0.008203553
0.016224567,0.04491579,-0.0008859864,0.01740334,0.008325544
0.015658796,0.041923754,-0.0009534241,0.014891995,0.0082061235
0.016169038,0.044669006,-0.00094404013,0.017160248,0.008290997
0.016307136,0.045534823,-0.0009803588,0.017863458,0.008345084
0.016151218,0.044679545,-0.00080683996,0.017460495,0.008513773
0.016196843,0.04479965,-0.0008232709,0.017356683,0.008399932
0.016221505,0.04508207,-0.0009408081,0.017581955,0.008387915
0.01632109,0.045334227,-0.00093274657,0.017505052,0.0082015265
0.015917331,0.04331847,-0.00089615723,0.016111815,0.008306464
0.016089376,0.044633858,-0.000926211,0.017576408,0.008587409
0.016372103,0.045607757,-0.0008953586,0.017750349,0.008243827
0.01602302,0.04381936,-0.0007126966,0.01665953,0.008456616
0.01594328,0.04408171,-0.00070981664,0.017690454,0.008969618
0.01592848,0.043536868,-0.0006570022,0.016960938,0.008708602
0.01592546,0.04339297,-0.00096607895,0.016142916,0.008263181
0.016132964,0.044403818,-0.00087245845,0.016925668,0.008302618
0.016096989,0.044381082,-0.00080322626,0.017258087,0.008513154
0.016104018,0.044340793,-0.0007729819,0.017130706,0.008480227
0.015650088,0.041739587,-0.000886905,0.014584276,0.00815261
0.016251683,0.04516148,-0.0009425641,0.017590787,0.008333909
0.016194616,0.044755034,-0.00093502586,0.0171807,0.008264661
0.01626358,0.04515154,-0.00090333604,0.01755467,0.008322167
0.01597472,0.04346978,-0.0009803077,0.016003754,0.008114789
0.016472034,0.046150513,-0.00094541896,0.01803991,0.008190639
0.015774142,0.04233059,-0.0009776122,0.015003073,0.008040478
0.016140454,0.044922013,-0.0009011263,0.017835928,0.00862748
0.016259464,0.04501211,-0.0009817986,0.017217068,0.008152431
0.016305292,0.045729075,-0.0010222485,0.018141989,0.008443412
0.01586562,0.042825926,-0.0010019625,0.015477513,0.008047834
0.016071562,0.04431329,-0.0008741987,0.017091783,0.008472724
0.016349424,0.045480307,-0.0009258298,0.017603334,0.008204423
0.015654232,0.042547002,-0.00064460374,0.016317984,0.00897244
0.01648179,0.04614139,-0.00091997755,0.018007813,0.008175475
0.016227897,0.045027934,-0.00083783397,0.017592626,0.00843732
0.016178355,0.044539504,-0.0008228441,0.01698328,0.008280104
0.01626205,0.04507868,-0.000929714,0.017384619,0.008246551
0.015927285,0.043616444,-0.0007730691,0.016707698,0.00861355
0.01635764,0.045618616,-0.00092458504,0.017808093,0.0082742125
0.016223198,0.045285374,-0.00091674493,0.018003868,0.008555727
0.01563542,0.041752562,-0.0010394829,0.014661114,0.008086601
0.01595603,0.043466203,-0.00087909924,0.016332025,0.008306943
0.015745511,0.04291565,-0.000648917,0.016607638,0.008929496
0.016230617,0.045387857,-0.0009628098,0.018071963,0.008553217
0.015747359,0.042225283,-0.0010412595,0.014970479,0.00801401
0.015717745,0.04209233,-0.0010155591,0.014935126,0.008059238
0.015923265,0.043380193,-0.00089322944,0.016215045,0.008338164
0.015456875,0.041644022,-0.0006594167,0.015831511,0.00909242
0.016192317,0.044834618,-0.0008702149,0.017424872,0.008401352
0.016014032,0.043678503,-0.00090060075,0.016238444,0.0081967
0.016334232,0.04557388,-0.0009622018,0.017801758,0.008289517
0.01599408,0.044131003,-0.0007970777,0.017403474,0.008734646
0.015956309,0.043508187,-0.0008539184,0.016270027,0.008335128
0.015806627,0.042595983,-0.0009221883,0.015372944,0.008172119
0.016097259,0.044311177,-0.0008262334,0.017064484,0.008427544
0.016325116,0.045315333,-0.0008933246,0.017478263,0.008210655
0.016219657,0.045025337,-0.00095562043,0.017516386,0.00834569
0.016072307,0.044191383,-0.0010036558,0.016803812,0.008256526
0.016389525,0.04566667,-0.0009160608,0.017721532,0.008196019
0.016333237,0.045601096,-0.000918364,0.017920092,0.008361664
0.016021794,0.04392018,-0.00094060914,0.01660217,0.008306749
0.016404022,0.045776688,-0.0009502425,0.017773038,0.008179568
0.015965426,0.043550063,-0.00095307577,0.016337313,0.008255604
0.015944563,0.04338876,-0.0009516316,0.016063318,0.008202219
0.016133623,0.044589616,-0.0007943482,0.017463623,0.008537699
0.016330495,0.045571588,-0.0008894598,0.017920313,0.008381992
0.015754147,0.042690407,-0.0008231184,0.015798962,0.008521575
0.015639648,0.04216803,-0.0008182211,0.015871575,0.008641001
0.016090963,0.043997485,-0.00091468694,0.016474213,0.008139991
0.015836708,0.04294648,-0.00084929646,0.015867757,0.0083792005
0.015576372,0.041608423,-0.00090297183,0.014604111,0.00830763
0.015847575,0.043204505,-0.00079796335,0.016314298,0.008585251
0.016224833,0.045029655,-0.0008804292,0.01754113,0.008400632
0.015845463,0.042786364,-0.0010290485,0.01543652,0.0080602225
0.016208103,0.044793338,-0.00080738234,0.017311405,0.008371228
0.016366424,0.04588605,-0.0009937125,0.0181134,0.008353347
0.016150223,0.04477272,-0.0007638009,0.017748604,0.008638637
0.0163614,0.04558737,-0.0008971309,0.017766906,0.008266626
0.016249934,0.045061655,-0.0008146789,0.017542252,0.008397172
0.016407961,0.045757513,-0.0008987317,0.017789597,0.008207189
0.016343327,0.04555627,-0.0008590688,0.017873803,0.008356573
0.015978582,0.043632355,-0.00087163213,0.016448824,0.008339666
0.016210143,0.044978585,-0.0008669418,0.017580923,0.008440828
0.016354522,0.045487303,-0.0008722555,0.017669108,0.008249315
0.016214482,0.045054004,-0.0008495821,0.017746093,0.0085007325
0.015740795,0.04240817,-0.0007383883,0.015325111,0.008429137
0.016150713,0.044891946,-0.0008357187,0.017845642,0.008645931
0.016415028,0.045877557,-0.0009326333,0.017909486,0.008228822
0.016165355,0.0444848,-0.0008684259,0.016909398,0.008243087
0.016160855,0.044594597,-0.0009616688,0.01707777,0.008253486
0.01624732,0.045095954,-0.0009846342,0.017432123,0.008256161
0.016427416,0.045935832,-0.0009162887,0.01796957,0.008242015
0.01646452,0.046138473,-0.0009388792,0.01807053,0.008217984
0.016417379,0.045866124,-0.0009371628,0.017872715,0.008206964
0.015748719,0.042316757,-0.00092657487,0.015178343,0.008180486
0.016208027,0.04486536,-0.00094062893,0.017312033,0.008288797
0.016484184,0.04620836,-0.0009525359,0.018058624,0.0081770895
0.015945831,0.04352543,-0.0008661975,0.016439231,0.008390612
0.016260218,0.045236167,-0.000912512,0.017700657,0.008385899
0.016223263,0.044813294,-0.00086738606,0.01719195,0.008264499
0.016190385,0.04469847,-0.0008252944,0.017224768,0.0083518205
0.016180594,0.045120683,-0.0009342853,0.01792607,0.008581195
0.01635673,0.045583896,-0.000945079,0.017713243,0.008229098
0.016089475,0.04437985,-0.0008129636,0.017327871,0.0085374545
0.016449615,0.046106752,-0.0009363562,0.018105567,0.008255202
0.015846025,0.04330767,-0.0008509133,0.016738635,0.0086456295
0.016084675,0.044154562,-0.000670788,0.017002583,0.0085171815
0.015773226,0.042839494,-0.0009217093,0.015991706,0.008482421
0.016399944,0.04578685,-0.000930074,0.01784816,0.008225648
0.016041044,0.044258766,-0.00081295817,0.017410174,0.008636038
0.016305542,0.045491833,-0.0009036123,0.017899692,0.008404659
0.016088217,0.044130567,-0.00095181086,0.016642194,0.008201404
0.015803777,0.042611144,-0.00092178583,0.015425354,0.008194909
0.01635032,0.045500357,-0.0009468881,0.017608833,0.008192889
0.016494304,0.046209104,-0.0009281632,0.018039595,0.00816633
0.01622693,0.044963647,-0.00083056686,0.017527489,0.008406714
0.016357752,0.045608073,-0.0008785462,0.01785328,0.008316968
0.01636001,0.045761526,-0.00094863854,0.017997477,0.008339048
0.016054362,0.044120405,-0.0008036877,0.016978828,0.008473637
0.016377784,0.045847684,-0.0010038735,0.017964441,0.00827088
0.016321946,0.045472443,-0.0008551716,0.01785529,0.008382699
0.016191214,0.04471802,-0.0008168379,0.01734015,0.008387437
0.016150702,0.04435597,-0.00088326714,0.016769495,0.008195188
0.016296212,0.045183055,-0.00087095686,0.017471138,0.008256102
0.016196987,0.044726714,-0.0007633517,0.017341718,0.008417238
0.016370062,0.045652635,-0.000878454,0.017866574,0.008302687
0.016299997,0.04517118,-0.000875864,0.017388519,0.008221226
0.016287005,0.04516207,-0.0008933923,0.017456587,0.008252742
0.015797125,0.042420056,-0.000983712,0.0150991585,0.008022699
0.015711978,0.042016692,-0.000990805,0.014854243,0.0080503
0.016455239,0.04609774,-0.0009296449,0.018068261,0.008234981
0.016288638,0.045330036,-0.0008907116,0.017741216,0.008367395
0.016401725,0.04574992,-0.0009394757,0.017753314,0.008181064
0.016391207,0.045721687,-0.00092388876,0.017791022,0.008219461
0.016309092,0.045289543,-0.0008782024,0.017572895,0.008275914
0.01603537,0.043908905,-0.00085604936,0.016601581,0.00833497
0.016022418,0.044410072,-0.0008669466,0.01762275,0.008738341
0.016050886,0.04426071,-0.00081088627,0.017301135,0.008593492
0.016505554,0.046272393,-0.0009467338,0.018055785,0.008147278
0.016408086,0.04587413,-0.0009353742,0.017940257,0.008250231
0.016170785,0.044844095,-0.00087815337,0.017559336,0.008483304
0.015229245,0.039408088,-0.0010926693,0.012257987,0.007800012
0.016372912,0.04571259,-0.00091845973,0.017891811,0.0082891565
0.016074952,0.044655707,-0.00084783044,0.017749589,0.0087407
0.016285555,0.045168508,-0.0008600354,0.017491106,0.008292465
0.016430192,0.04586503,-0.0009498475,0.017779987,0.008143531
0.016375203,0.04562827,-0.00094559265,0.017689895,0.008190231
0.015952617,0.043708876,-0.00073191477,0.016798537,0.008624972
0.016260307,0.045043625,-0.0007982206,0.017505217,0.008367857
0.016009131,0.044085592,-0.00075524085,0.017356306,0.008696377
0.015566124,0.041650407,-0.00095955085,0.014923039,0.008354855
0.015915284,0.043270994,-0.00085221604,0.016187992,0.008341436
0.01612661,0.044449918,-0.00085311075,0.017190075,0.008401799
0.016055645,0.044115253,-0.0007502299,0.016954843,0.008510636
0.016443955,0.04592198,-0.0009217529,0.01783901,0.008161887
0.01628239,0.045262437,-0.00095390715,0.017561803,0.00827425
0.01596968,0.043576755,-0.0008016076,0.016366232,0.0083859665
0.015971044,0.0436248,-0.00085043546,0.01648562,0.008380636
0.016210247,0.04493487,-0.00083018467,0.017529298,0.008443398
0.016158316,0.044590157,-0.0007688506,0.017257234,0.008450827
0.016008127,0.043810815,-0.0009020541,0.016481327,0.008311924
0.015814357,0.043193743,-0.0006917361,0.016912688,0.008852387
0.016393395,0.045781247,-0.0009048943,0.017905766,0.008273127
0.016294837,0.04526349,-0.00085117575,0.017627511,0.008336549
0.016311908,0.045316037,-0.0008704012,0.017583067,0.008286791
0.016095024,0.04422929,-0.00089518714,0.016889043,0.008311212
0.016297381,0.04519618,-0.00090536074,0.01742487,0.0082210805
0.016005006,0.043794174,-0.00090200116,0.01650431,0.008319648
0.01622701,0.04499724,-0.00088637153,0.017477253,0.0083657
0.016360788,0.045664657,-0.00088928145,0.01792193,0.008334281
0.016349852,0.04568036,-0.00092090573,0.017963741,0.008351309
0.01627066,0.045356717,-0.00094784406,0.017807355,0.008394718
0.01616974,0.044625025,-0.00090451475,0.017124632,0.008297248
0.015924755,0.04322904,-0.0007985562,0.01618049,0.008341011
0.015865732,0.04312264,-0.0008867479,0.015989853,0.008360699
0.016016465,0.043874692,-0.0007493469,0.016680676,0.008476673
0.016327076,0.04543938,-0.0008568138,0.017768167,0.008338446
0.016312283,0.045512185,-0.00090435584,0.017909525,0.008393922
0.015508642,0.041200157,-0.0008532863,0.014298973,0.008314275
0.016220795,0.045183145,-0.0008372815,0.017951574,0.008581312
0.01619863,0.044732146,-0.0009041696,0.01717872,0.008269114
0.016022887,0.04381389,-0.00089067465,0.016576849,0.008294785
0.016379781,0.045812257,-0.0009034629,0.018046528,0.008350236
0.016420988,0.045949716,-0.0009552244,0.017967496,0.008232341
0.015900653,0.04312549,-0.0007581032,0.016091025,0.008380213
0.015603557,0.041850746,-0.00094481546,0.014947688,0.008355826
0.016385514,0.045620613,-0.0009375548,0.017628295,0.008154018
0.016405676,0.04587286,-0.0009132824,0.017986497,0.008282997
0.01629134,0.045071207,-0.0009557965,0.017168017,0.008099134
0.0160627,0.044212308,-0.0007167103,0.017263904,0.008611205
0.016018085,0.044231314,-0.0008585192,0.01732227,0.008642467
0.016097944,0.044246927,-0.00084560347,0.016926348,0.008360167
0.016215522,0.044981018,-0.00083016383,0.01760972,0.008460707
0.01600058,0.043742664,-0.0008557417,0.016500253,0.008344131
0.016173173,0.044547044,-0.0008483759,0.017011864,0.008281489
0.01640921,0.04584542,-0.0009271513,0.017898168,0.008234809
0.016211558,0.044830166,-0.0007902463,0.017381176,0.008402922
0.016093945,0.044479497,-0.00088792964,0.017279835,0.008494267
0.015623122,0.042448744,-0.00065468764,0.016539106,0.0090663135
0.015947938,0.04359282,-0.0008882495,0.016615957,0.008429116
0.016256724,0.04497572,-0.00092554494,0.017223902,0.008193396
0.016064653,0.044342343,-0.00094289583,0.017194029,0.008457771
0.016414972,0.045820788,-0.0009240486,0.017825458,0.008198393
0.01647627,0.046122413,-0.0009248536,0.01799845,0.0081775505
0.016158259,0.044670675,-0.00081098545,0.017352717,0.008469773
0.015784066,0.042638946,-0.0010245531,0.0155307455,0.008191996
0.016379595,0.04559683,-0.000943641,0.017611733,0.008152733
0.016263697,0.044951808,-0.00090000394,0.017213175,0.008184066
0.01561476,0.041555088,-0.0009890386,0.0144010205,0.008059032
0.015493402,0.041478734,-0.00075118773,0.015463862,0.008761497
0.016176347,0.044606276,-0.00086197926,0.017075572,0.008297195
0.016358037,0.04569641,-0.000977212,0.017853929,0.008268744
0.016212171,0.04483614,-0.00089357124,0.017290747,0.008302133
0.015905973,0.043066062,-0.00092082826,0.015813122,0.008159361
0.016268635,0.04528969,-0.000891939,0.017761994,0.008412351
0.01630776,0.04528431,-0.0008958198,0.017542845,0.008257041
0.016193569,0.04467237,-0.0007847381,0.017218644,0.00836564
0.01612329,0.044434845,-0.0008806687,0.017107725,0.008368032
0.016336171,0.045652624,-0.0009472958,0.01795434,0.008354987
0.01595691,0.043570824,-0.0008185382,0.016379718,0.0084107695
0.016416252,0.04595478,-0.0009631977,0.017991338,0.0082452325
0.016326943,0.04541459,-0.0008299401,0.017756646,0.008348057
0.016021186,0.043867797,-0.00094917545,0.016507411,0.008262743
0.016364079,0.0457018,-0.0009190628,0.017913034,0.008313434
0.016264098,0.04524518,-0.000929298,0.017660398,0.008357812
0.01627449,0.04531238,-0.0009075195,0.017764568,0.008391548
0.016269209,0.045097034,-0.0009357611,0.0173796,0.008226403
0.016274398,0.045345813,-0.00083732454,0.017929621,0.008493706
0.01618759,0.044646997,-0.0008883091,0.017059738,0.00825683
0.0158064,0.043239683,-0.0008771165,0.016683538,0.008703429
0.015884584,0.04326086,-0.0009198821,0.016149638,0.008363193
0.016158348,0.04466326,-0.0009458127,0.01720564,0.008325072
0.016181374,0.04470489,-0.0009229837,0.017160416,0.0082870135
0.016126867,0.04460593,-0.0007336255,0.017645068,0.008640351
0.01590887,0.043340433,-0.000731317,0.016203757,0.008495341
0.015864156,0.043248728,-0.0008189962,0.016456837,0.0085523585
0.015901124,0.043512773,-0.00066291814,0.0167869,0.008747073
0.016234819,0.04501328,-0.00082748494,0.017584473,0.008417756
0.0158692,0.043004196,-0.0009595897,0.015808988,0.008205938
0.016259734,0.045385666,-0.0009781574,0.017872836,0.008423383
0.016182011,0.04467848,-0.00084745174,0.01719531,0.008345338
0.015615013,0.04182422,-0.0007498302,0.014813709,0.008447689
0.015960412,0.04340016,-0.0008878281,0.01613615,0.008225865
0.015583068,0.041366003,-0.00095730927,0.014276546,0.008074924
0.016290326,0.045257967,-0.000857295,0.017666882,0.008349774
0.01637215,0.04563413,-0.0009405573,0.017726578,0.008211801
0.0161749,0.044728715,-0.00092399045,0.017244581,0.008330749
0.016140845,0.044343237,-0.0008902426,0.016795803,0.008216849
0.016318765,0.045343205,-0.0008942457,0.017564442,0.008254615
0.01613932,0.044855554,-0.0009834089,0.01764105,0.008500731
0.015970169,0.043384098,-0.0009833538,0.015898926,0.008070901
0.015866488,0.04294932,-0.0009773463,0.015723351,0.008161639
0.016346136,0.0454678,-0.0008993865,0.01764811,0.008238578
0.015995556,0.0439227,-0.00085188,0.016797971,0.008496723
0.01638075,0.045764524,-0.0008984658,0.017962325,0.008318087
0.016149122,0.04463727,-0.00089433993,0.017327866,0.008403843
0.016254283,0.045061726,-0.0008408736,0.017520623,0.008360015
0.016385458,0.045722093,-0.0009058075,0.017856713,0.008262503
0.0159726,0.043692578,-0.00078767573,0.016691467,0.008494283
0.016188236,0.044704653,-0.0008943429,0.017209273,0.00830007
0.016312143,0.045256414,-0.00089502335,0.017482227,0.008223027
0.016220154,0.044904575,-0.0008242093,0.017460832,0.00839427
0.01636714,0.04555707,-0.0009310525,0.017621094,0.008183977
0.015720515,0.042519443,-0.00093953346,0.015881116,0.008461918
0.016050618,0.04398144,-0.0008005404,0.016769152,0.00839448
0.016116867,0.044205952,-0.0008941304,0.016636664,0.008196028
0.015985508,0.043649875,-0.00080939336,0.016462546,0.008380093
0.01606259,0.04419761,-0.0008657721,0.017012274,0.008436078
0.016209524,0.04492014,-0.0008587319,0.017469388,0.008405568
0.016038006,0.0437802,-0.0007669826,0.016560834,0.008337924
0.016217763,0.044656314,-0.00097613584,0.016830921,0.008061673
0.016001936,0.044095807,-0.0008480052,0.01728686,0.008631894
0.016418751,0.045965575,-0.00094452,0.018025212,0.00826429
0.015895948,0.043193046,-0.00086102245,0.016018655,0.0083299205
0.016158173,0.044667117,-0.000890765,0.017254204,0.008382266
0.016336331,0.045388173,-0.0009026026,0.01753621,0.008211179
0.015755285,0.042166267,-0.001008155,0.01484713,0.007972278
0.016364858,0.04562052,-0.0009145184,0.017774697,0.008257561
0.01547575,0.041522127,-0.0007164827,0.015008874,0.008807348
0.016213633,0.04524075,-0.0009643432,0.017898079,0.008510266
0.016189443,0.044799738,-0.00081799814,0.017415289,0.008435452
0.016328543,0.04553444,-0.00087325706,0.017905336,0.008382808
0.015025568,0.038580704,-0.0010814919,0.011583878,0.007940069
0.01626696,0.045206256,-0.0009029073,0.017603248,0.008344101
0.01627847,0.045406535,-0.00093859993,0.017860988,0.008409537
0.016489623,0.046191406,-0.00093157904,0.018031303,0.008167939
0.01626001,0.045203842,-0.0008861463,0.017670479,0.008388817
0.016265448,0.04508596,-0.00094672886,0.017367043,0.0082213795
0.016355831,0.045589577,-0.00090431905,0.017787624,0.008281517
0.016241705,0.04507331,-0.00082056073,0.017625187,0.008434841
0.01629982,0.045252416,-0.00088480755,0.017543372,0.008274923
0.01616564,0.044976212,-0.001002011,0.01766493,0.008464126
0.01613807,0.04436609,-0.00093573553,0.016776692,0.008192781
0.016402915,0.045773678,-0.00090640114,0.017832814,0.008229575
0.016087819,0.044065826,-0.00091355963,0.01661149,0.008202438
0.016257208,0.045017596,-0.0008608305,0.017373003,0.008289978
0.015919337,0.043502994,-0.0008865824,0.01655567,0.008463964
0.016003309,0.043885298,-0.00087093766,0.01684483,0.008441257
0.015803685,0.04295219,-0.0007899452,0.016040284,0.008562805
0.016238693,0.045203578,-0.0008477398,0.017866168,0.0085137915
0.016317936,0.045431085,-0.00086998055,0.017770756,0.008349655
0.016140785,0.044672687,-0.0007957265,0.017482484,0.008551129
0.016152877,0.04440684,-0.0008869902,0.01687831,0.0082257595
0.016494498,0.046183966,-0.00092825235,0.0179956,0.008147705
0.01633622,0.04558239,-0.0009146109,0.017864158,0.00833883
0.016074043,0.044450562,-0.0008940175,0.017384427,0.008555375
0.016206639,0.044653416,-0.00082980853,0.017057557,0.008253516
0.015850216,0.04354473,-0.00079324254,0.01719502,0.008862177
0.015774934,0.04253286,-0.0009413096,0.015409164,0.008225592
0.016022878,0.04400468,-0.0008028321,0.017067114,0.0085326675
0.016320352,0.045467913,-0.0008630776,0.01784249,0.008375963
0.016065072,0.044032127,-0.0008620193,0.01671188,0.008312811
0.01605741,0.044092085,-0.0007949774,0.01691128,0.008447476
0.016322799,0.045385562,-0.00090795534,0.017594166,0.008254631
0.01590385,0.043628614,-0.00071666494,0.017213961,0.008811166
0.016221095,0.04491327,-0.0009783932,0.017263448,0.00823168
0.01589328,0.043210447,-0.00071335054,0.0165031,0.00854834
0.015968364,0.04369677,-0.0008411902,0.016570639,0.008448596
0.015591691,0.04205192,-0.00065597415,0.016118929,0.008910505
0.016112566,0.04438371,-0.0008044484,0.017089602,0.008436715
0.01631332,0.045310706,-0.00086072646,0.017623445,0.00829576
0.016365811,0.04563759,-0.00087786466,0.017861899,0.008308185
0.016348135,0.045480512,-0.0008749071,0.017679883,0.008263976
0.015625732,0.042329382,-0.0008878155,0.01605636,0.008734496
0.01588073,0.043264277,-0.0007086912,0.016303148,0.008578536
0.016309578,0.04551106,-0.00091860245,0.01788208,0.008385463
0.016419832,0.04591223,-0.0009722792,0.017886188,0.00819156
0.016279275,0.045106523,-0.00081742776,0.017463231,0.0083153825
0.016408982,0.04582832,-0.0009235727,0.017878916,0.0082278475
0.015408559,0.040418915,-0.0009801689,0.01322898,0.007975848
0.016205072,0.04480291,-0.00087905565,0.017263321,0.008316496
0.016371552,0.045758452,-0.00088109047,0.018032247,0.008368203
0.015993876,0.044058077,-0.00088191347,0.017087663,0.0085759545
0.01622421,0.0449552,-0.0008369088,0.017485552,0.0083979275
0.016068373,0.044277497,-0.00081000366,0.017278537,0.008546719
0.016321465,0.04531799,-0.000863662,0.017542863,0.008258587
0.016053062,0.044389132,-0.0008873526,0.01743271,0.008598928
0.016485717,0.04619833,-0.0009312474,0.018065792,0.0081881005
0.016365562,0.045612495,-0.0009578477,0.017696518,0.008202065
0.016141195,0.04430158,-0.00097348343,0.016631823,0.008100494
0.016200032,0.045054752,-0.00083746325,0.017824186,0.008566925
0.016293501,0.045086823,-0.0008483242,0.017359473,0.008224548
0.016359955,0.045715373,-0.00088639464,0.018011238,0.008374596
0.015627665,0.04180337,-0.0010123596,0.014846641,0.008182939
0.016294856,0.04562748,-0.001004163,0.018056307,0.00843069
0.01542967,0.04095343,-0.0008112936,0.014018257,0.008447172
0.015779128,0.04245105,-0.0009395432,0.015366052,0.008172792
0.01625542,0.044957165,-0.00091237837,0.017238183,0.008203875
0.016338533,0.045651495,-0.000991456,0.017862407,0.008295615
0.015330215,0.04012024,-0.001003682,0.013112927,0.008039388
0.016293585,0.045245994,-0.00084903336,0.017610323,0.008332586
0.016200464,0.045275256,-0.0009545932,0.018056175,0.008593199
0.016113384,0.044267513,-0.00091563613,0.016788736,0.008242925
0.015845958,0.042726,-0.0009692268,0.015435783,0.008083602
0.016414156,0.045807652,-0.00091630267,0.01781997,0.008201017
0.016272327,0.045352526,-0.0008931888,0.01787445,0.008444701
0.016478466,0.046072453,-0.0009254444,0.017898351,0.0081329
0.016255299,0.04517421,-0.00092041714,0.017615937,0.00835141
0.016309295,0.045286197,-0.00092585897,0.017494801,0.008219643
0.016210785,0.04477649,-0.0007852207,0.017281625,0.008369503
0.016373347,0.04551129,-0.0009306973,0.017510386,0.008128587
0.015835777,0.042550396,-0.0009695503,0.015175906,0.00799241
0.016256582,0.045346357,-0.00089644257,0.017932162,0.008492826
0.016112123,0.044316363,-0.0009305969,0.016884215,0.008269658
0.016166965,0.044965815,-0.0008430645,0.017863404,0.0086249625
0.015572153,0.0413834,-0.0009833043,0.014404844,0.008113051
0.014223268,0.034977466,-0.0011825761,0.0072028087,0.007966942
0.01623123,0.045173936,-0.0009460792,0.017704178,0.0084155705
0.015513425,0.04177046,-0.000816253,0.015476547,0.008797367
0.016293714,0.045338806,-0.00084123464,0.017777288,0.008406511
0.01632068,0.04547683,-0.0009420598,0.017737703,0.008294195
0.016036386,0.044146325,-0.0008251673,0.017139915,0.008546765
0.016182592,0.044636317,-0.0008270357,0.017120082,0.00832927
0.016289383,0.045207772,-0.00086463336,0.01752443,0.0083004
0.016397636,0.04595248,-0.0009673429,0.018087072,0.008309442
0.016170442,0.04452839,-0.00079290534,0.017122969,0.00834821
0.016332187,0.04532766,-0.00091614405,0.017434321,0.008168753
0.015348303,0.040449534,-0.0009340535,0.013946682,0.008327784
0.01580679,0.04272595,-0.0008116816,0.0156828,0.008369619
0.0158012,0.04277891,-0.00084661867,0.015821375,0.008401947
0.016168939,0.04448679,-0.0009151106,0.016882487,0.008190492
0.016382955,0.045724124,-0.00092169753,0.01784809,0.0082552545
0.016214365,0.04503402,-0.00090648467,0.01762576,0.008425509
0.015482823,0.04097926,-0.0009763212,0.014199709,0.008171704
0.015794624,0.04267959,-0.0010033026,0.015533438,0.00820275
0.015809404,0.04276615,-0.0009577967,0.015790073,0.00827531
0.016456656,0.045995202,-0.0009316389,0.017882135,0.00815504
0.016213946,0.045114916,-0.0009786193,0.017663741,0.00840384
0.016285758,0.045173228,-0.0008767033,0.017493187,0.008281184
0.016214255,0.04496746,-0.0007932257,0.017627502,0.008494982
0.016442206,0.04593174,-0.0009484383,0.017828418,0.00814625
0.015581039,0.04156787,-0.0010642083,0.014537689,0.008124973
0.015804559,0.043016713,-0.0006961677,0.016696002,0.008767981
0.01605997,0.04402254,-0.0008849795,0.016598761,0.008286411
0.016336929,0.045651037,-0.0009295049,0.017973192,0.008370793
0.016155496,0.044974227,-0.0009729133,0.017758295,0.008534772
0.016165193,0.04468612,-0.0009327745,0.017232575,0.008329272
0.016200248,0.044893187,-0.0008126693,0.017532773,0.008471628
0.016249653,0.04496395,-0.0008957321,0.01728237,0.008244106
0.016341139,0.045521982,-0.000956355,0.017677795,0.008232137
0.016312668,0.04532043,-0.000860242,0.017646847,0.008305651
0.016429193,0.04585097,-0.00089125766,0.017841924,0.008200983
0.015770365,0.042572193,-0.00069726864,0.016045641,0.008571056
0.016264547,0.04508368,-0.00091892807,0.017400365,0.008253232
0.01619443,0.04486654,-0.0008170926,0.017505819,0.008465674
0.016250063,0.04495322,-0.00085070945,0.017300408,0.008279057
0.016218806,0.045068525,-0.00086335687,0.017704872,0.008476777
0.01618148,0.044983618,-0.0008239051,0.017855745,0.008605545
0.016357038,0.04568719,-0.0008962865,0.017965503,0.008355452
0.0162332,0.045080226,-0.000891369,0.017572537,0.008395439
0.01611417,0.044731997,-0.0007964183,0.017816806,0.008706568
0.016306749,0.045439333,-0.0008604348,0.017870655,0.00840878
0.015117449,0.03956216,-0.00097331346,0.012811715,0.008431507
0.016360674,0.045611657,-0.0008985068,0.017817196,0.008286543
0.016392708,0.045766648,-0.00092208514,0.017862095,0.0082473755
0.016153693,0.044623777,-0.0008121104,0.017390734,0.008465304
0.01629786,0.045163877,-0.00088030956,0.017398207,0.008222623
0.016268987,0.045281217,-0.00084367563,0.01785117,0.008462427
0.016403642,0.04578856,-0.0009498315,0.017795399,0.008190222
0.016313802,0.04529931,-0.0008633691,0.017567417,0.0082769785
0.0163983,0.045792215,-0.0008796624,0.017936904,0.008290815
0.016115455,0.044341486,-0.0009404272,0.016907819,0.008265582
0.015107162,0.039141346,-0.0009685409,0.012368518,0.008177725
0.01626781,0.04520469,-0.00088581454,0.017645966,0.008364724
0.015447442,0.040957853,-0.0009540071,0.014317008,0.008305071
0.016166618,0.04448985,-0.00096249656,0.016832978,0.008150638
0.015707372,0.04236242,-0.0008037789,0.015745735,0.008515045
0.016177515,0.044656627,-0.00088868913,0.017207276,0.008315417
0.01565326,0.041843392,-0.000984427,0.014861019,0.008151657
0.0149524985,0.03833381,-0.0011010731,0.011585417,0.008027271
0.015924329,0.04412158,-0.00077373005,0.017874574,0.009019384
0.015951704,0.043315522,-0.00091291557,0.015939249,0.0081607895
0.015823299,0.04352305,-0.0006428906,0.017253544,0.0090857055
0.016416382,0.045839503,-0.0009021753,0.017884344,0.00823091
0.015962277,0.043450635,-0.0008973079,0.016159985,0.008238862
0.016032603,0.0439156,-0.0009793912,0.016569834,0.008234108
0.016496846,0.046238106,-0.0009282894,0.018075239,0.0081770085
0.016204003,0.044863652,-0.00080551516,0.017496834,0.0084464885
0.016400676,0.045720816,-0.00085622614,0.017838445,0.008257861
0.016244542,0.044885423,-0.00091147993,0.017165044,0.008193345
0.016299859,0.045369465,-0.00083890854,0.017825197,0.008410823
0.016443897,0.04598471,-0.0008937192,0.017994544,0.008238666
0.016061712,0.0439106,-0.0010027051,0.01634177,0.008089187
0.01600006,0.043788645,-0.0006626323,0.016713219,0.008564948
0.016081873,0.044728644,-0.0007922769,0.018006535,0.008832039
0.01611933,0.04432208,-0.00083276693,0.017018247,0.008357255
0.016292706,0.045146,-0.0009552239,0.017303618,0.008150979
0.01645566,0.046082873,-0.00094442617,0.018017586,0.0082063135
0.01611183,0.044388946,-0.000867341,0.017094132,0.008390829
0.016104247,0.044060487,-0.0009534968,0.01644248,0.008089413
0.015936192,0.043491118,-0.0007885064,0.016474932,0.008479135
0.016076263,0.044092625,-0.00095213315,0.01663275,0.008218006
0.016285531,0.045179363,-0.00093266956,0.017404187,0.0082219215
0.016466593,0.046134662,-0.0009457871,0.0180428,0.0081998175
0.015876308,0.04341258,-0.0007697055,0.016636465,0.008665435
0.015342343,0.04031425,-0.0009965946,0.013429108,0.008149442
0.016458865,0.046110474,-0.0009387921,0.018055584,0.008219879
0.016027754,0.043740682,-0.00093994226,0.016271515,0.008156138
0.016109133,0.044405352,-0.00092937367,0.017065426,0.008347502
0.016039362,0.04454302,-0.0007939922,0.017890178,0.008859432
0.016321445,0.04540833,-0.0008524085,0.01775088,0.008340894
0.016218204,0.04503114,-0.0008918111,0.017631602,0.008424714
0.016064322,0.043992773,-0.0009472156,0.016568547,0.008202919
0.015981525,0.04392261,-0.0010023073,0.016743861,0.008399503
0.016290203,0.04546366,-0.0010116881,0.017778575,0.0083234
0.015373046,0.04028478,-0.0010493033,0.013293298,0.007973211
0.01602292,0.04382547,-0.00093836227,0.016478423,0.008243801
0.0154259605,0.040876858,-0.0008443703,0.014594847,0.0084704235
0.016309489,0.045409817,-0.000928184,0.017687717,0.008302067
0.016296651,0.04540158,-0.00085574033,0.017879741,0.008428477
0.016122159,0.045099635,-0.00094917044,0.01819847,0.008776197
0.015936065,0.043119144,-0.0009838631,0.015638221,0.008011589
0.016213953,0.044812534,-0.0008575983,0.017250635,0.008310487
0.016326778,0.045451917,-0.00090995,0.017707523,0.008288953
0.015879037,0.042898096,-0.0009365405,0.015542613,0.008105045
0.016060852,0.044070594,-0.0009723625,0.016673835,0.008242314
0.01604556,0.044342257,-0.0008478031,0.017354842,0.008626199
0.01634201,0.045533054,-0.00091439876,0.017757598,0.00828317
0.016297283,0.04554744,-0.0008835532,0.018082637,0.008497922
0.016151166,0.044499315,-0.0008688724,0.017059576,0.008316049
0.01639051,0.045824647,-0.0008861919,0.018031761,0.008337128
0.016205043,0.04499387,-0.00079749397,0.01775271,0.008550464
0.015691089,0.041795738,-0.0010325368,0.014474815,0.007915475
0.015351212,0.040408798,-0.0010622345,0.013756268,0.008160183
0.016041955,0.044049826,-0.00074033474,0.017074715,0.008554293
0.016297137,0.04518209,-0.00091959926,0.017394094,0.008199135
0.016146392,0.044551544,-0.0009334165,0.017125305,0.008308485
0.015521298,0.04123034,-0.0009092201,0.014082717,0.008209875
0.016188554,0.04452052,-0.0009310388,0.016812263,0.0081232255
0.015871841,0.043035626,-0.000915849,0.015936205,0.008267179
0.016266983,0.04532202,-0.00094285805,0.017774059,0.008388439
0.015910625,0.042995818,-0.000991404,0.015550474,0.008011655
0.016406348,0.04591883,-0.0009164084,0.01805849,0.008309657
0.016154036,0.044630986,-0.000985294,0.01713505,0.008277515
0.01624781,0.044956233,-0.0008883113,0.01730354,0.00825631
0.015955258,0.043359924,-0.00090155547,0.016069045,0.008200275
0.016329097,0.04535927,-0.0009167868,0.01752622,0.008206247
0.01630063,0.04547599,-0.0009438397,0.017853685,0.008367384
0.015856173,0.043008234,-0.00093914627,0.015971404,0.008287786
0.016291078,0.045092873,-0.0008647915,0.017335147,0.00821506
0.016214628,0.045021873,-0.0007800312,0.017755147,0.008548845
0.016308244,0.045607843,-0.0009559983,0.018016614,0.008418569
0.015653191,0.04169676,-0.0009885422,0.014518629,0.008027323
0.015885305,0.043205854,-0.00081682217,0.016329916,0.008451943
0.015869394,0.042896215,-0.00083074055,0.015847815,0.008273874
0.01634686,0.045623433,-0.0009437331,0.017842636,0.00829705
0.015980672,0.043692447,-0.00094485225,0.016514104,0.008306694
0.01597322,0.043508667,-0.0009876781,0.016124817,0.008150261
0.015818458,0.043066517,-0.0006723628,0.016504167,0.008730663
0.016369632,0.045673754,-0.00092262187,0.017829854,0.008268295
0.016181488,0.04481464,-0.000826747,0.017507106,0.008474505
0.016155194,0.044512153,-0.0007473006,0.017287087,0.008453488
0.016337525,0.04546829,-0.0009727015,0.01758102,0.008189829
0.015555712,0.04221618,-0.00048793462,0.015864935,0.0092234155
0.016204095,0.04472856,-0.00093155634,0.017092299,0.008212459
0.016207363,0.045153815,-0.00082594884,0.017984748,0.008623808
0.01631245,0.04529316,-0.0008476182,0.017585883,0.008294566
0.016513204,0.046300765,-0.0009442119,0.018064935,0.008140947
0.016420966,0.045892686,-0.0009387684,0.01789784,0.00821089
0.016124738,0.044236492,-0.00097461883,0.01661244,0.0081157815
0.016348533,0.045421258,-0.0009090413,0.017530384,0.008183865
0.016215283,0.044917457,-0.0007729057,0.017589241,0.008480446
0.015879434,0.04402011,-0.0007233898,0.017952822,0.009171927
0.01635966,0.045769587,-0.000989471,0.017954003,0.008300871
0.01628406,0.045230623,-0.0008772615,0.01761212,0.008328373
0.016009163,0.043806456,-0.0007916618,0.016737333,0.008443184
0.01624709,0.044996392,-0.00091847853,0.01732645,0.00825386
0.016331457,0.04542573,-0.0008362121,0.01773531,0.008332128
0.015657876,0.041965645,-0.0009684524,0.014821196,0.008202407
0.016244875,0.04544314,-0.0009574507,0.018090818,0.008543359
0.016391877,0.04565658,-0.00092982297,0.01766834,0.008164289
0.016283093,0.045260698,-0.00084959826,0.017706506,0.0083853705
0.016373405,0.04554814,-0.0009240025,0.017592859,0.0081639225
0.016081942,0.044267323,-0.00077356945,0.017042644,0.008497784
0.016208258,0.044966273,-0.00082693424,0.017672274,0.008487871
0.016184319,0.044683192,-0.00080281636,0.017310958,0.008397213
0.0164125,0.04593379,-0.000984844,0.01794486,0.008220343
0.016254123,0.04496619,-0.00096102257,0.017191432,0.00816192
0.015278898,0.039747134,-0.0010278985,0.012809662,0.007951431
0.016178522,0.044487428,-0.0008671496,0.01683672,0.008194563
0.015821617,0.043325715,-0.000656246,0.017014744,0.008937026
0.015954215,0.043824922,-0.0009833805,0.01680344,0.008459158
0.016050544,0.04387789,-0.00085036707,0.01650978,0.0082635535
0.016242677,0.04514203,-0.00083239714,0.017763648,0.008473882
0.016278187,0.0452793,-0.00084656914,0.017776271,0.00841886
0.016040487,0.04380937,-0.0009298314,0.016309872,0.008164188
0.01625894,0.044964503,-0.0008747207,0.017254006,0.008230412
0.01625434,0.04494242,-0.0009353977,0.017189886,0.008172641
0.015977623,0.043927513,-0.0006528826,0.01729182,0.008793369
0.015621096,0.04165636,-0.0009955682,0.014573751,0.008109577
0.015718974,0.04251669,-0.0006579294,0.016148154,0.008747007
0.016108392,0.044219747,-0.0009608172,0.016711105,0.008184632
0.016093459,0.044185895,-0.0009427633,0.016761458,0.008237156
0.01593096,0.04341181,-0.0008122899,0.016507953,0.0084448075
0.015571199,0.041531604,-0.0009707721,0.014650772,0.008234111
0.01614201,0.044602875,-0.0008237034,0.017303377,0.008468869
0.016243111,0.045155726,-0.00082973606,0.017774073,0.008484915
0.015918048,0.043366276,-0.0009581917,0.016197046,0.00828613
0.01636203,0.045732312,-0.00097256014,0.017904542,0.00828502
0.015850175,0.04303906,-0.0010107327,0.015982578,0.008264059
0.016078528,0.044454645,-0.00077052123,0.017454913,0.008662194
0.016167305,0.04445546,-0.0008508279,0.016845198,0.008228803
0.01607034,0.044266395,-0.00091895816,0.017001083,0.00840023
0.01639266,0.045748394,-0.00087340723,0.017902443,0.008288061
0.016199265,0.04525952,-0.0009131019,0.01809885,0.008635764
0.015613062,0.04269289,-0.00052892056,0.017161965,0.00941204
0.01584262,0.042751737,-0.0009922965,0.015440005,0.008085124
0.016310405,0.045593143,-0.0009968205,0.017916285,0.008355146
0.016423525,0.045879893,-0.00090372935,0.017910467,0.008230173
0.016129151,0.044668663,-0.00092219154,0.017412284,0.008466656
0.016081465,0.044117987,-0.00087986665,0.016730556,0.0082901735
0.0159032,0.04369502,-0.00080337236,0.016920114,0.008731882
0.015806729,0.042724106,-0.0009195179,0.01572277,0.008286046
0.016279329,0.045144916,-0.00086446025,0.017514015,0.008301234
0.015591672,0.042089522,-0.00088377885,0.015396506,0.008639992
0.015959281,0.043716826,-0.00083501125,0.016850369,0.008533406
0.016202252,0.044765867,-0.00083398505,0.017249675,0.008343072
0.015234681,0.040285446,-0.0009117726,0.01397461,0.008627264
0.01640467,0.045753755,-0.0008643371,0.017866384,0.008257917
0.016169006,0.044715364,-0.00088634435,0.017328143,0.008386227
0.016155552,0.044594567,-0.00086018024,0.017184125,0.008372158
0.016308036,0.04548479,-0.00086633983,0.017944118,0.008433331
0.016280606,0.04554613,-0.00096613076,0.01804256,0.008468435
0.01647456,0.0461907,-0.000943767,0.018096428,0.008211156
0.016362784,0.045743275,-0.00095771096,0.017938117,0.008304983
0.01602855,0.043834966,-0.0009521098,0.016438266,0.008212917
0.016361916,0.045566168,-0.0008717595,0.017754415,0.008275948
0.015979504,0.043905422,-0.00082446326,0.016973436,0.00858016
0.016354043,0.045509852,-0.00086831936,0.017695392,0.008268106
0.01562128,0.04178946,-0.0009168497,0.014701393,0.00826209
0.016068753,0.044140406,-0.0010213116,0.016706958,0.008213847
0.016148265,0.044925816,-0.0008330792,0.017894672,0.008678513
0.016319547,0.04562674,-0.00095801393,0.01798905,0.008389093
0.016066542,0.043984227,-0.0009835091,0.01646119,0.008144187
0.016326979,0.045402423,-0.00090702594,0.017615989,0.008254518
0.015990032,0.043522544,-0.0009299563,0.016111095,0.008153699
0.016215807,0.04492639,-0.0008709816,0.017425703,0.008370649
0.016386097,0.04563517,-0.0009016676,0.017704388,0.008201928
0.016103918,0.044403873,-0.0008210698,0.017138412,0.008469051
0.01619982,0.044947673,-0.00076353113,0.01773747,0.008571312
0.016222063,0.044808663,-0.0008845107,0.01716442,0.008247569
0.016448138,0.045986567,-0.00093253254,0.017913584,0.008180331
0.016367361,0.045679264,-0.0008571241,0.017955378,0.0083536375
0.015499416,0.041937966,-0.0005778821,0.015971635,0.009162813
0.014656246,0.03688528,-0.0010853208,0.009689903,0.007975894
0.016426766,0.04592725,-0.0009624488,0.017887348,0.008186588
0.016050214,0.04393423,-0.00081662077,0.016559511,0.008324645
0.015905885,0.043676056,-0.00086926576,0.016960802,0.008656184
0.016423257,0.04591878,-0.0009228871,0.017953021,0.008238014
0.016229905,0.045153398,-0.00087756757,0.017777631,0.008480849
0.016246159,0.045070898,-0.00085717207,0.017550148,0.008377025
0.016432282,0.04585078,-0.000925982,0.017775204,0.008151082
0.016208354,0.044728667,-0.0009774,0.017005082,0.008147735
0.016313937,0.045369554,-0.0009198094,0.017614445,0.008266661
0.015981363,0.04335189,-0.00094333786,0.015869446,0.008054009
0.016277546,0.045276858,-0.00090368185,0.01770309,0.0083603915
0.016277937,0.04513944,-0.00090810563,0.017449234,0.008254507
0.016116181,0.044383198,-0.00086361746,0.017046746,0.008368745
0.016076934,0.043987297,-0.00089517666,0.016543262,0.008202998
0.016468722,0.046059437,-0.00091253157,0.017953794,0.008175882
0.01632666,0.045466978,-0.0009444437,0.017678365,0.0082607325
0.016239941,0.044956066,-0.0008644753,0.017350698,0.008306773
0.016260138,0.04516227,-0.0008328045,0.01766421,0.008416745
0.015953025,0.04349676,-0.0009591787,0.0162202,0.008244132
0.016030937,0.04407049,-0.0009273193,0.01688074,0.008403712
0.016355837,0.045634326,-0.00087035523,0.0179245,0.00835226
0.016194887,0.044935744,-0.00083967263,0.017636944,0.008500579
0.015969958,0.04383915,-0.0008776008,0.016852044,0.0085209645
0.016251385,0.044966,-0.00083097524,0.017340377,0.008304023
0.016068626,0.044323888,-0.00090837403,0.017098997,0.008456588
0.015444249,0.041161664,-0.00081104913,0.014667915,0.008587388
0.015693339,0.04197314,-0.00095365336,0.014881047,0.00812037
0.016425682,0.045913175,-0.00093885156,0.017901331,0.008206712
0.016321018,0.045438282,-0.0008755564,0.017771391,0.0083398735
0.015675506,0.04223527,-0.000986288,0.015360567,0.008341872
0.015716752,0.04270912,-0.0006486184,0.01670023,0.008934139
0.016087294,0.044465486,-0.0008228047,0.017491587,0.008596336
0.01618365,0.044876132,-0.00089565915,0.017537307,0.0084396405
0.015393259,0.040923003,-0.00092678313,0.014085621,0.008463435
0.016247433,0.045073353,-0.00084180164,0.01756272,0.00838921
0.016363481,0.045589417,-0.00086512195,0.017806998,0.008296252
0.015680546,0.0417976,-0.0010050611,0.014539881,0.007981405
0.01644432,0.04593261,-0.00093949976,0.017829478,0.00814855
0.016141012,0.04471773,-0.0008857663,0.01752796,0.008501658
0.016108694,0.04443885,-0.0007762313,0.017229743,0.008523253
0.015377817,0.040582422,-0.0008686467,0.013789197,0.008332169
0.015644569,0.041862458,-0.00095952814,0.015040671,0.0082366625
0.016276687,0.045359086,-0.0008906682,0.017860273,0.008435839
0.016286781,0.045264218,-0.00092853355,0.017567601,0.008284693
0.0158819,0.04286345,-0.0009403278,0.015504497,0.008071889
0.01641931,0.045855388,-0.00094640616,0.017830137,0.0081819985
0.016164007,0.044887513,-0.0008101858,0.017790504,0.0086170975
0.015119366,0.039142743,-0.0010131969,0.012199653,0.008072364
0.016068887,0.04393283,-0.0009298416,0.016425248,0.00815385
0.01640315,0.04582774,-0.00087675796,0.017982246,0.008301957
0.016219016,0.04485059,-0.00087218155,0.01731852,0.008310531
0.01568378,0.042015724,-0.0010373679,0.014945944,0.008108883
0.015987853,0.04357394,-0.0009316694,0.016194802,0.008194314
0.016417058,0.045873053,-0.0009521949,0.017864974,0.008196609
0.015033327,0.038862906,-0.0010934251,0.011983516,0.008111559
0.016241455,0.045143038,-0.0008771716,0.017717754,0.008432448
0.016278205,0.045156773,-0.0008817188,0.017496929,0.008292457
0.016062008,0.044030722,-0.00092009717,0.016705792,0.008272185
0.016000587,0.04353942,-0.000874097,0.016133536,0.008180427
0.016440315,0.046060283,-0.0009592726,0.01804417,0.008232474
0.015706228,0.042229764,-0.000976096,0.01529554,0.008244863
0.015834171,0.04307411,-0.0008943047,0.016326573,0.008480841
0.016115824,0.044585858,-0.00090150663,0.017340405,0.008476724
0.016187062,0.044774406,-0.0008315787,0.017362129,0.008408782
0.016307307,0.045249343,-0.00086550403,0.017504323,0.008261961
0.016147861,0.044826217,-0.0008447797,0.017739052,0.008597763
0.016077623,0.044079162,-0.0009001569,0.016615583,0.008248778
0.015555215,0.041875027,-0.00072849524,0.015079176,0.008733435
0.016130392,0.044392332,-0.00071591436,0.01719583,0.0084802
0.016400043,0.045803875,-0.0008819457,0.01794726,0.008290256
0.016414609,0.04584272,-0.0009014924,0.017901277,0.008240748
0.016121317,0.044179708,-0.0009436341,0.016540224,0.00811527
0.016222503,0.04482049,-0.0009756734,0.01709315,0.008162227
0.015660787,0.042231463,-0.00094077457,0.0154083045,0.008433085
0.016427228,0.04601689,-0.0009268837,0.018091906,0.008287604
0.01628826,0.04526605,-0.0008132132,0.017758142,0.00841255
0.016340395,0.045438334,-0.0008606811,0.017671632,0.008279212
0.016139774,0.044402815,-0.000862218,0.016951185,0.00829438
0.01625159,0.045018993,-0.00089979183,0.01739203,0.008277562
0.016203942,0.044606805,-0.0009406246,0.016867895,0.008116914
0.016298987,0.045257468,-0.0008921719,0.017543364,0.008273853
0.01517985,0.039860487,-0.0006453986,0.01323981,0.00870739
0.016241819,0.04495802,-0.0009011803,0.017314095,0.008264658
0.016388675,0.045675598,-0.0008925165,0.017763821,0.0082290415
0.016100515,0.044181634,-0.0008269201,0.01689187,0.008336255
0.016176613,0.04483605,-0.0008653758,0.017534299,0.008467245
0.016185513,0.044713505,-0.00087735325,0.017216874,0.008326646
0.016374268,0.045616604,-0.0009279169,0.017698294,0.008204513
0.016369412,0.045687426,-0.00088711194,0.0179129,0.008319093
0.015624935,0.041955084,-0.0009780368,0.015278777,0.0083582485
0.016081914,0.04421186,-0.00073561317,0.017128143,0.00851698
0.016334256,0.045528196,-0.0009499426,0.01773312,0.008269829
0.016350588,0.045626592,-0.0008928423,0.017903328,0.008341171
0.016335329,0.045378055,-0.0008863,0.017572114,0.008230193
0.0158149,0.04297403,-0.0008250644,0.016171794,0.0085270945
0.015718117,0.042138677,-0.0007820573,0.015172368,0.008312394
0.016211478,0.04474614,-0.0009101888,0.017085211,0.008216022
0.01628108,0.045313604,-0.0009818394,0.0176127,0.008284832
0.015871014,0.04325706,-0.0008530921,0.016206507,0.008473172
0.016398346,0.04577903,-0.0009684878,0.017783605,0.008183436
0.01643737,0.04596425,-0.00092850963,0.017941842,0.008210189
0.016386796,0.04579275,-0.0009804991,0.017849484,0.008223429
0.01592455,0.043922164,-0.0008894736,0.017342055,0.008751228
0.016115446,0.044659033,-0.00094090763,0.017473461,0.008495492
0.016230877,0.044769872,-0.0009719768,0.016967809,0.00809882
0.016172934,0.04463113,-0.00082207174,0.017229667,0.008378161
0.016325682,0.045427553,-0.00085452606,0.017749231,0.008336091
0.016105313,0.04463104,-0.00082884013,0.01760058,0.0086302
0.016161317,0.0445801,-0.00083741033,0.017154496,0.008363572
0.01613248,0.044888698,-0.0008069871,0.017979909,0.008739499
0.015550208,0.04136085,-0.00078599947,0.0148062855,0.008403527
0.015902696,0.043078788,-0.00093488395,0.01569857,0.008143976
0.016124655,0.04431313,-0.0008079583,0.016894083,0.00833655
0.016267909,0.045209568,-0.0008743984,0.017685672,0.008381497
0.016288234,0.04527006,-0.0007885321,0.017799132,0.008441213
0.01612255,0.044566177,-0.0009052671,0.017262217,0.008433374
0.016165217,0.044678204,-0.000958147,0.017158112,0.008293421
0.016343761,0.045578636,-0.00088673655,0.017863462,0.008338866
0.016391713,0.04567002,-0.0009055391,0.017724808,0.008200673
0.014932392,0.03809916,-0.0011610481,0.011044241,0.007843142
0.016377317,0.045686107,-0.0008648412,0.017887935,0.008310735
0.016117208,0.04422588,-0.000863183,0.016795311,0.008257927
0.015584698,0.04214919,-0.000765502,0.016142732,0.0088875275
0.01636339,0.045580003,-0.00093220425,0.01769433,0.008216234
0.016143803,0.044369705,-0.0009815774,0.016718877,0.008130208
0.016336288,0.045331188,-0.00090800243,0.017447412,0.008168295
0.016360085,0.045469664,-0.00093294994,0.017519366,0.008149089
0.01604098,0.043979816,-0.00093696435,0.016647022,0.008287931
0.015818847,0.04272009,-0.00094790774,0.015524127,0.008194524
0.0159573,0.04350333,-0.0007314276,0.016364025,0.008447024
0.016410254,0.045818616,-0.0009191781,0.017852245,0.008219542
0.015852332,0.042745803,-0.00093163736,0.015410038,0.008098434
0.016213898,0.044885997,-0.00091296935,0.01730985,0.008303707
0.016338572,0.045530356,-0.0009374667,0.017735288,0.008268327
0.016297458,0.045356233,-0.00082044175,0.017851632,0.008433187
0.015808616,0.043078046,-0.0007984646,0.016504206,0.008672165
0.01640671,0.04588465,-0.0009153338,0.01800135,0.008285935
0.015838424,0.042976424,-0.0008777285,0.015806444,0.0083583575
0.01635381,0.045721553,-0.00093215203,0.017985865,0.008352354
0.016239041,0.04505969,-0.00075554586,0.017746702,0.008514328
0.01592037,0.043932967,-0.00071563135,0.017451573,0.00894227
0.016372228,0.04566291,-0.00094716286,0.017762147,0.0082237385
0.016143855,0.044350043,-0.0008749394,0.016800871,0.00822422
0.016316017,0.045377538,-0.0009461509,0.01759129,0.008237325
0.016496025,0.04626756,-0.00095285696,0.018092338,0.008173406
0.016104415,0.044569056,-0.00088139286,0.017481457,0.008538556
0.016024133,0.044040464,-0.0007633936,0.017015297,0.008568892
0.016021565,0.04420855,-0.0008594108,0.017264353,0.008606587
0.016206961,0.044756763,-0.00098288,0.017057668,0.008167073
0.015858227,0.042995438,-0.00083460676,0.015972529,0.008364467
0.016388388,0.045692146,-0.0009091782,0.017782163,0.008226049
0.016113866,0.044664416,-0.0008858323,0.017568579,0.008566452
0.0154156815,0.040674567,-0.0009494951,0.013921845,0.008212598
0.016312242,0.045166556,-0.0009517452,0.017231826,0.008094097
0.016262509,0.045060344,-0.00088738033,0.017411955,0.008277956
0.016424354,0.04593429,-0.000897089,0.018012716,0.0082735745
0.0162136,0.045038074,-0.00087644905,0.017662663,0.008460691
0.0152840745,0.040140584,-0.0009358758,0.012919499,0.008233718
0.016348898,0.045493335,-0.0009286719,0.017625552,0.008212606
0.015982399,0.043699004,-0.0007382318,0.016764741,0.008522602
0.015952129,0.0439106,-0.00076045655,0.017188597,0.008756778
0.01630146,0.04541804,-0.001007796,0.017653488,0.008254333
0.015916103,0.043207966,-0.0008938201,0.015870525,0.008223638
0.016284777,0.045389716,-0.00088871067,0.01788127,0.0084299985
0.016202463,0.044895552,-0.00079163414,0.017609125,0.008494619
0.016241822,0.045198623,-0.0009688201,0.0176682,0.008367261
0.016247695,0.045196738,-0.0008550361,0.017790247,0.008467344
0.016206425,0.044882175,-0.000809505,0.017474283,0.008439029
0.016383272,0.045616906,-0.0008813562,0.017705185,0.008219508
0.016163958,0.04450085,-0.0009732266,0.016872903,0.008160191
0.016339786,0.045459032,-0.00085630175,0.01771088,0.008299658
0.016206706,0.045045402,-0.0008419651,0.01775989,0.008527374
0.016027806,0.04370548,-0.000953502,0.016209718,0.008119775
0.016406106,0.045733627,-0.00093760993,0.017706688,0.008155533
0.015384713,0.040651187,-0.0009800161,0.013659636,0.008235382
0.016306179,0.04547363,-0.0008770252,0.01792106,0.008420186
0.015727965,0.042154275,-0.0010535959,0.014930631,0.008023704
0.016198153,0.044536162,-0.0009744784,0.016733449,0.0080521805
0.01600371,0.043565303,-0.00093252846,0.016154375,0.00813766
0.016329568,0.04550254,-0.00090309663,0.017777245,0.008319179
0.016345931,0.045452897,-0.00087099674,0.017668424,0.00826077
0.016100012,0.04443849,-0.0007862932,0.017382303,0.008564118
0.016028106,0.044010404,-0.000833776,0.01699698,0.008484141
0.016240358,0.045282744,-0.0009498843,0.017823929,0.008452954
0.01596402,0.04412777,-0.0007794026,0.017575078,0.008865656
0.016246375,0.045098543,-0.0009693251,0.01746035,0.008278152
0.016137142,0.044401806,-0.00084886624,0.016955886,0.008316058
0.016195083,0.044495754,-0.0009619656,0.016692994,0.008047631
0.016372299,0.045579873,-0.0008978698,0.017684978,0.00821791
0.015828012,0.04292987,-0.00095959206,0.015945349,0.008313972
0.01591327,0.043226928,-0.00083489215,0.016215675,0.008348967
0.016027205,0.04425817,-0.0008291147,0.017422741,0.008664898
0.016399873,0.045881636,-0.000920059,0.018021999,0.0083035715
0.0156108085,0.042432662,-0.00069261645,0.015970506,0.008985871
0.01635011,0.04547906,-0.0008953236,0.01762863,0.008231812
0.016335003,0.04554657,-0.0009017688,0.01783092,0.008331885
0.016241563,0.045226503,-0.0008664244,0.017864931,0.008499175
0.016100975,0.044105794,-0.00090886996,0.016614357,0.008184907
0.01526635,0.040423196,-0.00085140654,0.01389501,0.008639624
0.016249977,0.044836964,-0.0009339154,0.017015198,0.008112046
0.016049711,0.043715704,-0.0009836222,0.016085397,0.008014189
0.016221166,0.04491805,-0.0009010555,0.017341781,0.008313556
0.016340237,0.045420624,-0.00095336174,0.01750945,0.008166027
0.016040003,0.043795317,-0.0009627469,0.016255515,0.0081220595
0.015996862,0.043546535,-0.000936684,0.016079485,0.008132318
0.01621502,0.04462903,-0.0009319909,0.016860912,0.008100672
0.016053507,0.043781467,-0.0009625152,0.016210008,0.008070354
0.015998786,0.043907344,-0.0007499949,0.016954664,0.008581987
0.016173935,0.044486485,-0.0009228525,0.01684706,0.008163707
0.015935952,0.043970928,-0.0007530299,0.017412184,0.008881697
0.015763745,0.042684965,-0.0009203752,0.015828136,0.008411492
0.016246391,0.04489648,-0.00084755366,0.017293904,0.008269372
0.01611274,0.044322796,-0.0007187445,0.017096814,0.008482177
0.016303424,0.045464218,-0.0008963103,0.017881416,0.008401218
0.016077269,0.04442416,-0.00081117696,0.017380416,0.008600265
0.016377341,0.045833506,-0.0009480984,0.018027704,0.008324752
0.016466573,0.046062876,-0.0009121081,0.017970076,0.0081866365
0.015989145,0.04367163,-0.0008475127,0.016521996,0.008360604
0.016356293,0.045814656,-0.00095376634,0.018105896,0.008384184
0.016166577,0.044574123,-0.0009388792,0.017013427,0.008236788
0.016316824,0.045421224,-0.0008596618,0.017769106,0.008357039
0.015432807,0.041458,-0.0006244215,0.014894831,0.00897337
0.016212117,0.04496313,-0.0009499673,0.017417992,0.008330012
0.016252823,0.04511275,-0.0007937074,0.017717946,0.008459088
0.016185964,0.044859603,-0.00086346304,0.017516721,0.008451889
0.015778342,0.04255579,-0.0009807998,0.015394688,0.00819327
0.016395073,0.0457701,-0.0009438427,0.017820045,0.008216382
0.016313186,0.045378488,-0.00086323766,0.017714497,0.008337654
0.016077578,0.044229977,-0.00093276764,0.016892824,0.008332824
0.016377743,0.045725685,-0.0009210308,0.017873198,0.008275753
0.015372887,0.04120283,-0.00062739535,0.015292023,0.009088428
0.016030591,0.043970354,-0.0008904125,0.016774189,0.008371946
0.015768684,0.042258173,-0.001028528,0.014925599,0.00796896
0.01621915,0.04476301,-0.0008592926,0.017161185,0.008257749
0.015623364,0.042203404,-0.0008086165,0.015706211,0.008686198
0.015902154,0.04303212,-0.00085724966,0.015698083,0.008188403
0.016215319,0.04476183,-0.00091231597,0.01714086,0.008220486
0.016323902,0.045431357,-0.00093019975,0.01764718,0.008260997
0.016322266,0.04539619,-0.00091617263,0.017632822,0.00825986
0.015757307,0.04252992,-0.00082341756,0.015720185,0.008422644
0.01602025,0.0438366,-0.00080131786,0.01658881,0.00838904
0.015357202,0.040254563,-0.0010338475,0.013141865,0.007997791
0.016139507,0.044620637,-0.0008834213,0.017375452,0.008442404
0.016340185,0.045580674,-0.0008859124,0.01788688,0.008354339
0.016298346,0.04538982,-0.0009500214,0.017699702,0.008308692
0.016484356,0.0461995,-0.0009438995,0.018055964,0.008179942
0.016401608,0.04579002,-0.00093007216,0.01783905,0.008220887
0.016022686,0.04443258,-0.000834983,0.017782157,0.0088101
0.016257117,0.045334134,-0.0008756944,0.01793122,0.008506523
0.016370399,0.045643896,-0.00088874827,0.017812796,0.008279804
0.016115535,0.04468727,-0.0007973911,0.017727328,0.008669751
0.015958264,0.043640632,-0.0009096276,0.016543392,0.008385354
0.01566623,0.04225585,-0.00087204453,0.01536043,0.008487924
0.016476598,0.046113797,-0.00091834256,0.017992768,0.008177695
0.016068237,0.044547282,-0.0007978204,0.017742267,0.008746734
0.0158845,0.04358732,-0.0006156558,0.01725714,0.008949022
0.016013268,0.0441838,-0.0007878904,0.017459912,0.008715744
0.016110744,0.044280834,-0.0009982841,0.01672699,0.008175193
0.01634369,0.045628197,-0.0009004787,0.017923757,0.008358721
0.016245563,0.04506921,-0.00083831465,0.01758873,0.008401802
0.016147474,0.044486336,-0.0009216302,0.016953941,0.008258553
0.016369184,0.045584,-0.0009429202,0.017646978,0.008183846
0.016330458,0.04556626,-0.00089504186,0.017913885,0.00837344
0.01609002,0.044409465,-0.0007597396,0.017338704,0.008597719
0.015939854,0.044048015,-0.0007655245,0.01747766,0.00890441
0.01630711,0.04562993,-0.0009629014,0.018054152,0.008432025
0.016033577,0.0442054,-0.0008964058,0.017183315,0.0085267
0.016442487,0.046002753,-0.0009359938,0.01796749,0.008209372
0.016156938,0.044719417,-0.0009464977,0.017281909,0.008365153
0.016458103,0.045981307,-0.0009071336,0.017882299,0.008165954
0.016284382,0.045363218,-0.000936943,0.0177445,0.0083569335
0.016232768,0.044864435,-0.00078046997,0.017362189,0.008361045
0.016290141,0.04533381,-0.00089581386,0.017722746,0.008357509
0.01632776,0.04564567,-0.0009214498,0.018029664,0.008410329
0.016229343,0.0447491,-0.000957518,0.016954353,0.008104372
0.016248908,0.045231663,-0.00093442714,0.017728824,0.008400534
0.016283303,0.045300037,-0.00091444486,0.017671112,0.008339735
0.015937384,0.043699507,-0.00096468517,0.016638458,0.008445186
0.01590172,0.04298737,-0.0010194053,0.015549141,0.008009838
0.01612675,0.044505335,-0.00083274284,0.017277557,0.008457494
0.016275836,0.045339096,-0.0009031183,0.01779088,0.008407406
0.016369293,0.04552082,-0.0009185177,0.017576192,0.008165902
0.01620991,0.044970002,-0.0008462233,0.017554091,0.008451609
0.016263207,0.044987172,-0.0008510652,0.017286422,0.008252499
0.016346803,0.045524344,-0.00085951976,0.017794732,0.008319569
0.015730679,0.04233277,-0.0008518913,0.015538452,0.008361931
0.016072713,0.044547357,-0.0007656262,0.01773797,0.008762
0.015997887,0.04370716,-0.0008953519,0.016393919,0.008288498
0.01634002,0.04549216,-0.0009306565,0.017675448,0.00824407
0.015832428,0.04285704,-0.00087891996,0.015718777,0.008301567
0.016394679,0.045684915,-0.0009291728,0.01769744,0.00817324
0.016144333,0.04476829,-0.0008500509,0.017646559,0.0085670175
0.015940621,0.043484367,-0.00081685634,0.016380988,0.008424165
0.0163609,0.045761243,-0.00090867915,0.018055063,0.008379875
0.016203497,0.04482865,-0.0008658745,0.01738597,0.008363438
0.016070703,0.04439418,-0.00072458346,0.0176054,0.008717561
0.015896056,0.04306661,-0.0009089252,0.015819687,0.008199068
0.015868515,0.043151777,-0.0008841477,0.016020983,0.008372527
0.016060185,0.043781947,-0.0009402764,0.016167972,0.008061955
0.016396806,0.045809455,-0.00094500405,0.017883157,0.008237496
0.016141513,0.044735923,-0.00078376627,0.017722677,0.008623724
0.015872318,0.04341381,-0.0006547786,0.017063163,0.008837468
0.016399812,0.045775417,-0.000882825,0.017897839,0.008269923
